dateTime;value;bpm;confidence;;hora gtm
08-18-2021;17:41:37;77;0};;22:41:37
08-18-2021;17:41:42;76;0};;
08-18-2021;17:41:47;71;1};;
08-18-2021;17:41:52;73;1};;
08-18-2021;17:41:57;72;1};;
08-18-2021;17:49:24;67;0};;
08-18-2021;17:49:29;66;0};;
08-18-2021;17:49:39;69;1};;
08-18-2021;17:49:44;73;1};;
08-18-2021;17:49:49;78;1};;
08-18-2021;17:49:54;80;1};;
08-18-2021;17:49:59;77;1};;
08-18-2021;17:50:04;80;1};;
08-18-2021;17:50:09;79;1};;
08-18-2021;17:50:14;78;1};;
08-18-2021;17:50:19;81;1};;
08-18-2021;17:50:24;78;1};;
08-18-2021;17:50:29;75;1};;
08-18-2021;17:50:34;74;1};;
08-18-2021;17:50:39;73;1};;
08-18-2021;17:50:44;72;2};;
08-18-2021;17:50:49;70;2};;
08-18-2021;17:50:54;71;1};;
08-18-2021;17:51:09;71;1};;
08-18-2021;17:51:24;71;1};;
08-18-2021;17:51:39;73;1};;
08-18-2021;17:51:44;78;2};;
08-18-2021;17:51:49;76;1};;
08-18-2021;17:51:54;75;1};;
08-18-2021;17:51:59;78;1};;
08-18-2021;17:52:04;77;1};;
08-18-2021;17:52:09;77;2};;
08-18-2021;17:52:14;76;2};;
08-18-2021;17:52:19;73;1};;
08-18-2021;17:52:24;72;1};;
08-18-2021;17:52:29;73;2};;
08-18-2021;17:52:34;75;1};;
08-18-2021;17:52:39;76;1};;
08-18-2021;17:52:44;75;1};;
08-18-2021;17:52:49;77;1};;
08-18-2021;17:53:04;77;1};;
08-18-2021;17:53:09;72;1};;
08-18-2021;17:53:14;69;3};;
08-18-2021;17:53:19;69;1};;
08-18-2021;17:53:24;70;1};;
08-18-2021;17:53:34;71;1};;
08-18-2021;17:53:44;72;1};;
08-18-2021;17:53:54;74;1};;
08-18-2021;17:53:59;77;1};;
08-18-2021;17:54:04;78;2};;
08-18-2021;17:54:14;76;2};;
08-18-2021;17:54:19;75;2};;
08-18-2021;17:54:29;74;2};;
08-18-2021;17:54:34;74;3};;
08-18-2021;17:54:44;74;2};;
08-18-2021;17:54:49;75;1};;
08-18-2021;17:54:54;76;1};;
08-18-2021;17:54:59;80;1};;
08-18-2021;17:55:04;76;1};;
08-18-2021;17:55:09;76;2};;
08-18-2021;17:55:14;75;1};;
08-18-2021;17:55:19;74;1};;
08-18-2021;17:55:24;73;1};;
08-18-2021;17:55:33;73;1};;
08-18-2021;17:55:38;74;2};;
08-18-2021;17:55:43;71;0};;
08-18-2021;17:55:48;70;0};;
08-18-2021;17:55:58;70;1};;
08-18-2021;17:56:13;70;1};;
08-18-2021;17:56:28;74;2};;
08-18-2021;17:56:33;68;2};;
08-18-2021;17:56:38;67;2};;
08-18-2021;17:56:53;67;2};;
08-18-2021;17:56:58;67;1};;
08-18-2021;17:57:08;70;2};;
08-18-2021;17:57:13;74;3};;
08-18-2021;17:57:23;75;3};;
08-18-2021;17:57:28;75;2};;
08-18-2021;17:57:43;75;2};;
08-18-2021;17:57:58;75;2};;
08-18-2021;17:58:13;75;2};;
08-18-2021;17:58:18;75;1};;
08-18-2021;17:58:33;75;1};;
08-18-2021;17:58:48;75;1};;
08-18-2021;17:58:58;77;1};;
08-18-2021;17:59:03;78;1};;
08-18-2021;17:59:08;78;2};;
08-18-2021;17:59:13;79;2};;
08-18-2021;17:59:18;80;2};;
08-18-2021;17:59:23;81;2};;
08-18-2021;17:59:28;81;1};;
08-18-2021;17:59:43;81;1};;
08-18-2021;17:59:48;84;1};;
08-18-2021;17:59:53;86;1};;
08-18-2021;17:59:58;87;1};;
08-18-2021;18:00:03;90;1};;
08-18-2021;18:00:08;93;1};;
08-18-2021;18:00:13;95;1};;
08-18-2021;18:00:23;95;2};;
08-18-2021;18:00:28;98;1};;
08-18-2021;18:00:33;99;2};;
08-18-2021;18:00:38;100;2};;
08-18-2021;18:00:43;101;1};;
08-18-2021;18:00:48;103;1};;
08-18-2021;18:01:03;103;1};;
08-18-2021;18:01:18;104;1};;
08-18-2021;18:01:28;106;1};;
08-18-2021;18:01:33;88;1};;
08-18-2021;18:01:38;87;1};;
08-18-2021;18:01:53;86;1};;
08-18-2021;18:01:58;84;1};;
08-18-2021;18:02:03;87;1};;
08-18-2021;18:02:08;86;1};;
08-18-2021;18:02:13;89;1};;
08-18-2021;18:02:18;85;1};;
08-18-2021;18:02:23;85;1};;
08-18-2021;18:02:28;86;1};;
08-18-2021;18:02:33;85;1};;
08-18-2021;18:02:38;86;1};;
08-18-2021;18:02:43;87;1};;
08-18-2021;18:02:48;85;1};;
08-18-2021;18:02:58;84;1};;
08-18-2021;18:03:03;85;1};;
08-18-2021;18:03:08;82;1};;
08-18-2021;18:03:13;81;1};;
08-18-2021;18:03:18;82;1};;
08-18-2021;18:03:23;81;1};;
08-18-2021;18:03:33;80;1};;
08-18-2021;18:03:38;82;1};;
08-18-2021;18:03:43;80;1};;
08-18-2021;18:03:48;81;1};;
08-18-2021;18:03:53;80;1};;
08-18-2021;18:03:58;79;1};;
08-18-2021;18:04:03;83;1};;
08-18-2021;18:04:08;80;1};;
08-18-2021;18:04:13;84;1};;
08-18-2021;18:04:18;82;1};;
08-18-2021;18:04:23;80;1};;
08-18-2021;18:04:28;81;1};;
08-18-2021;18:04:38;80;1};;
08-18-2021;18:04:43;79;1};;
08-18-2021;18:04:48;82;1};;
08-18-2021;18:04:53;82;1};;
08-18-2021;18:04:58;84;1};;
08-18-2021;18:05:08;83;1};;
08-18-2021;18:05:23;83;2};;
08-18-2021;18:05:28;83;1};;
08-18-2021;18:05:38;82;1};;
08-18-2021;18:05:43;83;1};;
08-18-2021;18:05:48;84;1};;
08-18-2021;18:05:53;83;1};;
08-18-2021;18:06:03;81;1};;
08-18-2021;18:06:08;82;1};;
08-18-2021;18:06:13;83;1};;
08-18-2021;18:06:23;85;1};;
08-18-2021;18:06:28;87;1};;
08-18-2021;18:06:38;89;1};;
08-18-2021;18:06:43;88;1};;
08-18-2021;18:06:48;86;1};;
08-18-2021;18:06:53;84;1};;
08-18-2021;18:07:03;83;1};;
08-18-2021;18:07:08;86;1};;
08-18-2021;18:07:18;87;1};;
08-18-2021;18:07:23;86;1};;
08-18-2021;18:07:28;83;1};;
08-18-2021;18:07:33;81;1};;
08-18-2021;18:07:38;82;1};;
08-18-2021;18:07:43;80;1};;
08-18-2021;18:07:48;82;1};;
08-18-2021;18:07:53;83;1};;
08-18-2021;18:07:58;84;1};;
08-18-2021;18:08:03;83;1};;
08-18-2021;18:08:08;82;1};;
08-18-2021;18:08:13;83;1};;
08-18-2021;18:08:18;79;1};;
08-18-2021;18:08:23;77;1};;
08-18-2021;18:08:28;76;1};;
08-18-2021;18:08:33;77;1};;
08-18-2021;18:08:38;78;1};;
08-18-2021;18:08:43;79;1};;
08-18-2021;18:08:53;78;1};;
08-18-2021;18:09:03;79;1};;
08-18-2021;18:09:08;78;1};;
08-18-2021;18:09:13;79;1};;
08-18-2021;18:09:18;81;1};;
08-18-2021;18:09:33;80;1};;
08-18-2021;18:09:38;81;1};;
08-18-2021;18:09:43;80;1};;
08-18-2021;18:09:48;81;1};;
08-18-2021;18:09:53;86;1};;
08-18-2021;18:09:58;84;1};;
08-18-2021;18:10:08;82;1};;
08-18-2021;18:10:13;85;1};;
08-18-2021;18:10:18;84;1};;
08-18-2021;18:10:28;82;1};;
08-18-2021;18:10:33;83;1};;
08-18-2021;18:10:38;85;1};;
08-18-2021;18:10:53;85;1};;
08-18-2021;18:11:08;85;1};;
08-18-2021;18:11:13;87;1};;
08-18-2021;18:11:23;88;1};;
08-18-2021;18:11:28;89;1};;
08-18-2021;18:11:38;90;1};;
08-18-2021;18:11:48;88;1};;
08-18-2021;18:11:53;86;1};;
08-18-2021;18:11:58;84;1};;
08-18-2021;18:12:03;83;1};;
08-18-2021;18:12:08;84;1};;
08-18-2021;18:12:13;87;1};;
08-18-2021;18:12:18;88;1};;
08-18-2021;18:12:23;89;1};;
08-18-2021;18:12:28;92;1};;
08-18-2021;18:12:33;97;1};;
08-18-2021;18:12:38;98;1};;
08-18-2021;18:12:43;100;1};;
08-18-2021;18:12:53;101;1};;
08-18-2021;18:13:03;99;1};;
08-18-2021;18:13:08;100;1};;
08-18-2021;18:13:13;103;1};;
08-18-2021;18:13:23;101;1};;
08-18-2021;18:13:28;97;1};;
08-18-2021;18:13:33;96;1};;
08-18-2021;18:13:38;95;1};;
08-18-2021;18:13:43;96;1};;
08-18-2021;18:13:53;97;1};;
08-18-2021;18:13:58;100;1};;
08-18-2021;18:14:03;103;1};;
08-18-2021;18:14:08;105;1};;
08-18-2021;18:14:13;102;1};;
08-18-2021;18:14:18;101;1};;
08-18-2021;18:14:23;100;1};;
08-18-2021;18:14:28;101;1};;
08-18-2021;18:14:33;106;1};;
08-18-2021;18:14:38;107;1};;
08-18-2021;18:14:43;108;1};;
08-18-2021;18:14:48;107;1};;
08-18-2021;18:14:53;108;1};;
08-18-2021;18:14:58;105;1};;
08-18-2021;18:15:03;104;1};;
08-18-2021;18:15:13;103;1};;
08-18-2021;18:15:18;107;1};;
08-18-2021;18:15:23;105;1};;
08-18-2021;18:15:33;96;3};;
08-18-2021;18:15:38;93;1};;
08-18-2021;18:15:43;87;1};;
08-18-2021;18:15:48;86;1};;
08-18-2021;18:15:53;85;1};;
08-18-2021;18:15:58;86;1};;
08-18-2021;18:16:04;87;1};;
08-18-2021;18:16:09;88;1};;
08-18-2021;18:16:14;91;1};;
08-18-2021;18:16:24;87;1};;
08-18-2021;18:16:29;86;1};;
08-18-2021;18:16:34;84;1};;
08-18-2021;18:16:49;86;1};;
08-18-2021;18:16:54;87;1};;
08-18-2021;18:17:04;86;1};;
08-18-2021;18:17:09;83;1};;
08-18-2021;18:17:14;84;1};;
08-18-2021;18:17:19;86;1};;
08-18-2021;18:17:29;85;1};;
08-18-2021;18:17:34;83;1};;
08-18-2021;18:17:39;82;1};;
08-18-2021;18:17:44;80;1};;
08-18-2021;18:17:54;79;1};;
08-18-2021;18:18:09;80;1};;
08-18-2021;18:18:14;79;1};;
08-18-2021;18:18:19;80;1};;
08-18-2021;18:18:29;81;1};;
08-18-2021;18:18:34;82;1};;
08-18-2021;18:18:39;81;1};;
08-18-2021;18:18:44;82;1};;
08-18-2021;18:18:59;78;1};;
08-18-2021;18:19:04;80;1};;
08-18-2021;18:19:09;79;1};;
08-18-2021;18:19:14;80;1};;
08-18-2021;18:19:24;79;1};;
08-18-2021;18:19:34;81;1};;
08-18-2021;18:19:49;82;1};;
08-18-2021;18:19:54;81;1};;
08-18-2021;18:20:04;80;1};;
08-18-2021;18:20:09;81;1};;
08-18-2021;18:20:14;80;1};;
08-18-2021;18:20:29;82;1};;
08-18-2021;18:20:39;83;2};;
08-18-2021;18:20:44;80;2};;
08-18-2021;18:20:49;79;1};;
08-18-2021;18:21:04;79;1};;
08-18-2021;18:21:09;80;1};;
08-18-2021;18:21:24;78;2};;
08-18-2021;18:21:29;76;3};;
08-18-2021;18:21:34;75;2};;
08-18-2021;18:21:39;75;1};;
08-18-2021;18:21:49;77;1};;
08-18-2021;18:21:54;77;3};;
08-18-2021;18:21:59;76;2};;
08-18-2021;18:22:04;75;2};;
08-18-2021;18:22:19;76;2};;
08-18-2021;18:22:34;76;2};;
08-18-2021;18:22:39;75;3};;
08-18-2021;18:22:44;74;3};;
08-18-2021;18:22:49;75;2};;
08-18-2021;18:22:54;75;2};;
08-18-2021;18:23:09;75;1};;
08-18-2021;18:23:14;76;1};;
08-18-2021;18:23:19;76;2};;
08-18-2021;18:23:24;77;2};;
08-18-2021;18:23:29;76;2};;
08-18-2021;18:23:34;75;2};;
08-18-2021;18:23:49;75;2};;
08-18-2021;18:23:54;76;2};;
08-18-2021;18:23:59;75;2};;
08-18-2021;18:24:04;76;3};;
08-18-2021;18:24:09;74;2};;
08-18-2021;18:24:14;74;1};;
08-18-2021;18:24:29;74;1};;
08-18-2021;18:24:34;75;1};;
08-18-2021;18:24:39;78;1};;
08-18-2021;18:24:44;79;1};;
08-18-2021;18:24:49;81;1};;
08-18-2021;18:24:54;83;1};;
08-18-2021;18:24:59;80;1};;
08-18-2021;18:25:04;76;1};;
08-18-2021;18:25:09;74;3};;
08-18-2021;18:25:14;73;1};;
08-18-2021;18:25:24;75;1};;
08-18-2021;18:25:29;76;1};;
08-18-2021;18:25:44;75;1};;
08-18-2021;18:25:49;77;1};;
08-18-2021;18:25:54;74;2};;
08-18-2021;18:25:59;73;2};;
08-18-2021;18:26:09;74;2};;
08-18-2021;18:26:14;75;3};;
08-18-2021;18:26:19;76;3};;
08-18-2021;18:26:24;75;3};;
08-18-2021;18:26:29;75;1};;
08-18-2021;18:26:44;75;1};;
08-18-2021;18:26:49;75;2};;
08-18-2021;18:26:54;74;1};;
08-18-2021;18:27:04;75;1};;
08-18-2021;18:27:09;76;1};;
08-18-2021;18:27:14;77;1};;
08-18-2021;18:27:29;79;1};;
08-18-2021;18:27:34;80;1};;
08-18-2021;18:27:44;76;1};;
08-18-2021;18:27:49;76;2};;
08-18-2021;18:27:54;75;1};;
08-18-2021;18:27:59;73;1};;
08-18-2021;18:28:04;75;2};;
08-18-2021;18:28:19;76;2};;
08-18-2021;18:28:24;77;1};;
08-18-2021;18:28:29;79;1};;
08-18-2021;18:28:34;81;1};;
08-18-2021;18:28:49;81;1};;
08-18-2021;18:28:54;80;1};;
08-18-2021;18:28:59;79;1};;
08-18-2021;18:29:04;78;2};;
08-18-2021;18:29:09;76;2};;
08-18-2021;18:29:14;75;1};;
08-18-2021;18:29:29;75;1};;
08-18-2021;18:29:39;75;2};;
08-18-2021;18:29:44;76;3};;
08-18-2021;18:29:49;76;2};;
08-18-2021;18:29:54;75;1};;
08-18-2021;18:30:09;75;1};;
08-18-2021;18:30:14;75;3};;
08-18-2021;18:30:19;75;2};;
08-18-2021;18:30:34;75;2};;
08-18-2021;18:30:44;75;1};;
08-18-2021;18:30:49;76;1};;
08-18-2021;18:30:54;80;1};;
08-18-2021;18:30:59;86;1};;
08-18-2021;18:31:04;82;1};;
08-18-2021;18:31:09;79;2};;
08-18-2021;18:31:14;77;2};;
08-18-2021;18:31:19;75;1};;
08-18-2021;18:31:24;74;1};;
08-18-2021;18:31:29;76;1};;
08-18-2021;18:31:34;77;1};;
08-18-2021;18:31:49;75;2};;
08-18-2021;18:31:54;74;2};;
08-18-2021;18:31:59;69;1};;
08-18-2021;18:32:04;70;2};;
08-18-2021;18:32:09;72;1};;
08-18-2021;18:32:14;77;1};;
08-18-2021;18:32:19;80;1};;
08-18-2021;18:32:24;80;2};;
08-18-2021;18:32:29;79;2};;
08-18-2021;18:32:34;77;3};;
08-18-2021;18:32:39;76;2};;
08-18-2021;18:32:44;75;2};;
08-18-2021;18:32:49;76;2};;
08-18-2021;18:33:04;76;1};;
08-18-2021;18:33:09;77;1};;
08-18-2021;18:33:14;79;1};;
08-18-2021;18:33:19;77;2};;
08-18-2021;18:33:24;76;2};;
08-18-2021;18:33:29;73;1};;
08-18-2021;18:33:44;75;1};;
08-18-2021;18:33:49;79;1};;
08-18-2021;18:33:54;80;1};;
08-18-2021;18:33:59;81;1};;
08-18-2021;18:34:09;80;1};;
08-18-2021;18:34:14;81;1};;
08-18-2021;18:34:19;80;1};;
08-18-2021;18:34:29;84;1};;
08-18-2021;18:34:34;83;1};;
08-18-2021;18:34:39;84;1};;
08-18-2021;18:34:44;85;1};;
08-18-2021;18:34:54;86;1};;
08-18-2021;18:34:59;88;1};;
08-18-2021;18:35:04;86;1};;
08-18-2021;18:35:09;85;1};;
08-18-2021;18:35:14;72;1};;
08-18-2021;18:35:19;69;2};;
08-18-2021;18:35:24;67;2};;
08-18-2021;18:35:29;66;2};;
08-18-2021;18:35:34;65;2};;
08-18-2021;18:35:39;64;2};;
08-18-2021;18:35:54;64;1};;
08-18-2021;18:35:59;65;2};;
08-18-2021;18:36:04;67;3};;
08-18-2021;18:36:09;68;3};;
08-18-2021;18:36:19;70;2};;
08-18-2021;18:36:29;71;1};;
08-18-2021;18:36:34;73;1};;
08-18-2021;18:36:39;77;1};;
08-18-2021;18:36:44;78;1};;
08-18-2021;18:36:49;79;1};;
08-18-2021;18:36:54;80;1};;
08-18-2021;18:36:59;82;1};;
08-18-2021;18:37:04;83;1};;
08-18-2021;18:37:09;84;1};;
08-18-2021;18:37:14;80;1};;
08-18-2021;18:37:24;81;1};;
08-18-2021;18:37:47;82;0};;
08-18-2021;18:37:57;82;1};;
08-18-2021;18:38:02;81;1};;
08-18-2021;18:38:12;82;1};;
08-18-2021;18:38:22;83;1};;
08-18-2021;18:38:27;82;1};;
08-18-2021;18:38:42;81;1};;
08-18-2021;18:38:47;74;1};;
08-18-2021;18:38:52;69;2};;
08-18-2021;18:38:57;69;1};;
08-18-2021;18:39:15;70;0};;
08-18-2021;18:39:20;71;0};;
08-18-2021;18:39:30;71;0};;
08-18-2021;18:39:40;75;1};;
08-18-2021;18:39:51;78;0};;
08-18-2021;18:39:56;79;0};;
08-18-2021;18:40:01;78;0};;
08-18-2021;18:40:06;73;1};;
08-18-2021;18:40:16;72;1};;
08-18-2021;18:40:21;75;1};;
08-18-2021;18:40:26;73;1};;
08-18-2021;18:40:36;71;1};;
08-18-2021;18:40:51;69;1};;
08-18-2021;18:40:56;66;2};;
08-18-2021;18:41:01;62;1};;
08-18-2021;18:41:16;65;1};;
08-18-2021;18:41:21;64;1};;
08-18-2021;18:41:26;66;2};;
08-18-2021;18:41:31;64;2};;
08-18-2021;18:41:36;64;1};;
08-18-2021;18:41:42;65;1};;
08-18-2021;18:41:47;65;2};;
08-18-2021;18:41:57;62;2};;
08-18-2021;18:42:02;64;2};;
08-18-2021;18:42:07;64;1};;
08-18-2021;18:42:12;65;1};;
08-18-2021;18:42:17;66;1};;
08-18-2021;18:42:22;70;1};;
08-18-2021;18:42:27;71;1};;
08-18-2021;18:42:32;72;1};;
08-18-2021;18:42:37;74;1};;
08-18-2021;18:42:42;67;1};;
08-18-2021;18:42:47;72;1};;
08-18-2021;18:42:52;71;1};;
08-18-2021;18:42:57;73;1};;
08-18-2021;18:43:02;71;1};;
08-18-2021;18:43:07;72;1};;
08-18-2021;18:43:12;71;1};;
08-18-2021;18:43:17;74;1};;
08-18-2021;18:43:22;77;1};;
08-18-2021;18:43:27;78;2};;
08-18-2021;18:43:32;78;1};;
08-18-2021;18:43:37;79;1};;
08-18-2021;18:43:42;77;1};;
08-18-2021;18:43:47;76;1};;
08-18-2021;18:43:52;74;2};;
08-18-2021;18:43:57;69;1};;
08-18-2021;18:44:02;69;1};;
08-18-2021;18:44:12;68;1};;
08-18-2021;18:44:17;66;1};;
08-18-2021;18:44:22;61;1};;
08-18-2021;18:44:32;59;1};;
08-18-2021;18:44:37;60;1};;
08-18-2021;18:44:42;59;1};;
08-18-2021;18:44:47;67;1};;
08-18-2021;18:44:52;66;1};;
08-18-2021;18:44:57;65;1};;
08-18-2021;18:45:02;64;1};;
08-18-2021;18:45:07;62;1};;
08-18-2021;18:45:17;63;1};;
08-18-2021;18:45:27;64;1};;
08-18-2021;18:45:32;63;1};;
08-18-2021;18:45:37;65;1};;
08-18-2021;18:45:47;66;2};;
08-18-2021;18:45:52;66;1};;
08-18-2021;18:45:57;63;1};;
08-18-2021;18:46:02;69;1};;
08-18-2021;18:46:07;68;1};;
08-18-2021;18:46:12;70;1};;
08-18-2021;18:46:22;69;1};;
08-18-2021;18:46:27;65;1};;
08-18-2021;18:46:37;62;1};;
08-18-2021;18:46:42;65;1};;
08-18-2021;18:46:47;64;1};;
08-18-2021;18:46:52;66;1};;
08-18-2021;18:46:57;64;1};;
08-18-2021;18:47:02;62;1};;
08-18-2021;18:47:07;60;1};;
08-18-2021;18:47:12;61;1};;
08-18-2021;18:47:22;63;2};;
08-18-2021;18:47:27;62;2};;
08-18-2021;18:47:32;62;3};;
08-18-2021;18:47:37;63;3};;
08-18-2021;18:47:42;62;3};;
08-18-2021;18:47:47;63;2};;
08-18-2021;18:48:02;64;2};;
08-18-2021;18:48:07;62;2};;
08-18-2021;18:48:12;60;3};;
08-18-2021;18:48:22;62;3};;
08-18-2021;18:48:37;61;1};;
08-18-2021;18:48:42;62;1};;
08-18-2021;18:48:47;69;1};;
08-18-2021;18:48:52;76;1};;
08-18-2021;18:48:57;78;1};;
08-18-2021;18:49:02;79;1};;
08-18-2021;18:49:07;77;1};;
08-18-2021;18:49:12;76;1};;
08-18-2021;18:49:22;72;1};;
08-18-2021;18:49:27;64;2};;
08-18-2021;18:49:32;65;1};;
08-18-2021;18:49:37;67;1};;
08-18-2021;18:49:42;69;1};;
08-18-2021;18:49:47;67;2};;
08-18-2021;18:49:52;69;2};;
08-18-2021;18:49:57;66;2};;
08-18-2021;18:50:02;65;2};;
08-18-2021;18:50:17;67;2};;
08-18-2021;18:50:27;66;1};;
08-18-2021;18:50:37;68;1};;
08-18-2021;18:50:42;69;1};;
08-18-2021;18:50:47;70;1};;
08-18-2021;18:50:52;71;1};;
08-18-2021;18:50:57;70;1};;
08-18-2021;18:51:02;68;1};;
08-18-2021;18:51:07;64;1};;
08-18-2021;18:51:12;63;1};;
08-18-2021;18:51:17;62;1};;
08-18-2021;18:51:22;63;3};;
08-18-2021;18:51:27;62;3};;
08-18-2021;18:51:32;61;3};;
08-18-2021;18:51:37;60;1};;
08-18-2021;18:51:42;61;1};;
08-18-2021;18:51:47;63;1};;
08-18-2021;18:51:52;64;1};;
08-18-2021;18:51:57;67;1};;
08-18-2021;18:52:02;72;1};;
08-18-2021;18:52:07;73;1};;
08-18-2021;18:52:12;76;1};;
08-18-2021;18:52:17;75;1};;
08-18-2021;18:52:22;74;1};;
08-18-2021;18:52:32;73;1};;
08-18-2021;18:52:37;74;1};;
08-18-2021;18:52:42;78;1};;
08-18-2021;18:52:47;75;2};;
08-18-2021;18:52:52;71;3};;
08-18-2021;18:52:57;63;3};;
08-18-2021;18:53:02;61;3};;
08-18-2021;18:53:07;59;2};;
08-18-2021;18:53:12;59;1};;
08-18-2021;18:53:17;61;1};;
08-18-2021;18:53:22;63;1};;
08-18-2021;18:53:27;64;1};;
08-18-2021;18:53:32;67;1};;
08-18-2021;18:53:37;69;1};;
08-18-2021;18:53:47;68;1};;
08-18-2021;18:53:57;67;1};;
08-18-2021;18:54:02;68;1};;
08-18-2021;18:54:07;71;1};;
08-18-2021;18:54:12;75;1};;
08-18-2021;18:54:22;78;1};;
08-18-2021;18:54:27;84;1};;
08-18-2021;18:54:32;86;1};;
08-18-2021;18:54:37;87;1};;
08-18-2021;18:54:42;88;1};;
08-18-2021;18:54:47;88;1};;
08-18-2021;18:54:52;84;1};;
08-18-2021;18:54:57;83;1};;
08-18-2021;18:55:02;80;1};;
08-18-2021;18:55:07;75;3};;
08-18-2021;18:55:12;72;1};;
08-18-2021;18:55:17;73;1};;
08-18-2021;18:55:22;71;1};;
08-18-2021;18:55:27;70;1};;
08-18-2021;18:55:42;70;1};;
08-18-2021;18:55:52;71;1};;
08-18-2021;18:55:57;75;1};;
08-18-2021;18:56:02;76;1};;
08-18-2021;18:56:07;78;2};;
08-18-2021;18:56:12;78;1};;
08-18-2021;18:56:17;76;1};;
08-18-2021;18:56:22;68;1};;
08-18-2021;18:56:27;69;1};;
08-18-2021;18:56:32;72;1};;
08-18-2021;18:56:37;77;1};;
08-18-2021;18:56:42;78;1};;
08-18-2021;18:56:47;79;1};;
08-18-2021;18:56:52;77;1};;
08-18-2021;18:56:57;75;1};;
08-18-2021;18:57:07;73;1};;
08-18-2021;18:57:12;75;1};;
08-18-2021;18:57:17;79;1};;
08-18-2021;18:57:22;79;1};;
08-18-2021;18:57:32;80;2};;
08-18-2021;18:57:47;81;1};;
08-18-2021;18:57:52;82;2};;
08-18-2021;18:57:57;83;1};;
08-18-2021;18:58:02;84;1};;
08-18-2021;18:58:12;83;1};;
08-18-2021;18:58:17;84;1};;
08-18-2021;18:58:22;81;1};;
08-18-2021;18:58:27;80;1};;
08-18-2021;18:58:32;79;1};;
08-18-2021;18:58:42;81;1};;
08-18-2021;18:58:47;82;1};;
08-18-2021;18:58:52;79;1};;
08-18-2021;18:58:57;76;1};;
08-18-2021;18:59:02;77;1};;
08-18-2021;18:59:07;76;1};;
08-18-2021;18:59:12;75;1};;
08-18-2021;18:59:17;76;1};;
08-18-2021;18:59:22;73;1};;
08-18-2021;18:59:27;70;1};;
08-18-2021;18:59:37;71;1};;
08-18-2021;18:59:42;69;1};;
08-18-2021;18:59:47;66;1};;
08-18-2021;18:59:52;67;1};;
08-18-2021;18:59:57;66;1};;
08-18-2021;19:00:07;68;1};;
08-18-2021;19:00:12;65;1};;
08-18-2021;19:00:17;66;1};;
08-18-2021;19:00:27;65;1};;
08-18-2021;19:00:37;65;2};;
08-18-2021;19:00:47;66;1};;
08-18-2021;19:00:57;68;2};;
08-18-2021;19:01:02;67;1};;
08-18-2021;19:01:07;65;2};;
08-18-2021;19:01:17;67;2};;
08-18-2021;19:01:22;66;2};;
08-18-2021;19:01:27;65;1};;
08-18-2021;19:01:42;65;1};;
08-18-2021;19:01:47;66;1};;
08-18-2021;19:01:52;64;1};;
08-18-2021;19:01:57;63;1};;
08-18-2021;19:02:02;61;1};;
08-18-2021;19:02:07;62;1};;
08-18-2021;19:02:12;65;2};;
08-18-2021;19:02:17;65;1};;
08-18-2021;19:02:22;64;1};;
08-18-2021;19:02:27;65;1};;
08-18-2021;19:02:32;66;2};;
08-18-2021;19:02:37;67;2};;
08-18-2021;19:02:42;66;2};;
08-18-2021;19:02:47;68;2};;
08-18-2021;19:02:52;69;1};;
08-18-2021;19:03:02;71;1};;
08-18-2021;19:03:07;71;1};;
08-18-2021;19:03:12;69;1};;
08-18-2021;19:03:17;67;1};;
08-18-2021;19:03:32;66;1};;
08-18-2021;19:03:37;67;1};;
08-18-2021;19:03:47;68;1};;
08-18-2021;19:03:52;70;1};;
08-18-2021;19:03:57;74;1};;
08-18-2021;19:04:02;76;1};;
08-18-2021;19:04:07;78;1};;
08-18-2021;19:04:12;79;1};;
08-18-2021;19:04:17;83;1};;
08-18-2021;19:04:22;81;1};;
08-18-2021;19:04:27;83;1};;
08-18-2021;19:04:32;80;1};;
08-18-2021;19:04:37;79;1};;
08-18-2021;19:04:42;80;1};;
08-18-2021;19:04:52;81;1};;
08-18-2021;19:04:57;82;1};;
08-18-2021;19:05:02;81;2};;
08-18-2021;19:05:07;82;1};;
08-18-2021;19:05:12;78;3};;
08-18-2021;19:05:17;73;3};;
08-18-2021;19:05:22;69;1};;
08-18-2021;19:05:27;70;3};;
08-18-2021;19:05:32;69;1};;
08-18-2021;19:05:37;70;1};;
08-18-2021;19:05:42;77;1};;
08-18-2021;19:05:47;78;1};;
08-18-2021;19:05:52;79;1};;
08-18-2021;19:05:57;74;1};;
08-18-2021;19:06:02;66;1};;
08-18-2021;19:06:07;64;1};;
08-18-2021;19:06:12;63;1};;
08-18-2021;19:06:17;68;1};;
08-18-2021;19:06:22;69;1};;
08-18-2021;19:06:27;78;1};;
08-18-2021;19:06:32;77;1};;
08-18-2021;19:06:37;79;1};;
08-18-2021;19:06:42;78;2};;
08-18-2021;19:06:47;77;3};;
08-18-2021;19:06:52;76;1};;
08-18-2021;19:06:57;77;1};;
08-18-2021;19:07:07;79;1};;
08-18-2021;19:07:12;78;1};;
08-18-2021;19:07:17;79;1};;
08-18-2021;19:07:22;81;1};;
08-18-2021;19:07:27;82;1};;
08-18-2021;19:07:32;83;1};;
08-18-2021;19:07:37;77;1};;
08-18-2021;19:07:42;72;1};;
08-18-2021;19:07:47;68;1};;
08-18-2021;19:07:52;69;1};;
08-18-2021;19:07:57;73;1};;
08-18-2021;19:08:02;76;1};;
08-18-2021;19:08:17;75;1};;
08-18-2021;19:08:22;76;1};;
08-18-2021;19:08:27;75;2};;
08-18-2021;19:08:32;76;2};;
08-18-2021;19:08:37;75;2};;
08-18-2021;19:08:42;74;2};;
08-18-2021;19:08:47;75;2};;
08-18-2021;19:08:52;74;1};;
08-18-2021;19:09:02;74;2};;
08-18-2021;19:09:07;77;2};;
08-18-2021;19:09:12;77;3};;
08-18-2021;19:09:17;76;3};;
08-18-2021;19:09:22;76;2};;
08-18-2021;19:09:32;76;1};;
08-18-2021;19:09:37;78;1};;
08-18-2021;19:09:42;80;1};;
08-18-2021;19:09:47;78;1};;
08-18-2021;19:09:52;76;1};;
08-18-2021;19:10:02;72;1};;
08-18-2021;19:10:07;73;1};;
08-18-2021;19:10:12;72;1};;
08-18-2021;19:10:22;73;1};;
08-18-2021;19:10:27;68;1};;
08-18-2021;19:10:32;64;1};;
08-18-2021;19:10:37;65;1};;
08-18-2021;19:10:42;72;1};;
08-18-2021;19:10:47;75;1};;
08-18-2021;19:10:52;74;1};;
08-18-2021;19:10:57;76;1};;
08-18-2021;19:11:12;73;1};;
08-18-2021;19:11:17;77;1};;
08-18-2021;19:11:22;76;1};;
08-18-2021;19:11:27;77;1};;
08-18-2021;19:11:32;78;1};;
08-18-2021;19:11:37;82;1};;
08-18-2021;19:11:47;83;1};;
08-18-2021;19:11:52;80;1};;
08-18-2021;19:12:02;78;1};;
08-18-2021;19:12:07;75;1};;
08-18-2021;19:12:12;75;2};;
08-18-2021;19:12:17;72;2};;
08-18-2021;19:12:22;72;1};;
08-18-2021;19:12:27;73;1};;
08-18-2021;19:12:32;76;1};;
08-18-2021;19:12:37;78;1};;
08-18-2021;19:12:42;79;1};;
08-18-2021;19:12:47;79;2};;
08-18-2021;19:12:52;78;1};;
08-18-2021;19:12:57;74;1};;
08-18-2021;19:13:02;70;1};;
08-18-2021;19:13:07;67;3};;
08-18-2021;19:13:12;65;1};;
08-18-2021;19:13:17;62;1};;
08-18-2021;19:13:22;61;1};;
08-18-2021;19:13:27;62;1};;
08-18-2021;19:13:32;67;1};;
08-18-2021;19:13:37;68;1};;
08-18-2021;19:13:47;71;1};;
08-18-2021;19:13:52;72;1};;
08-18-2021;19:13:57;75;1};;
08-18-2021;19:14:02;78;1};;
08-18-2021;19:14:07;76;1};;
08-18-2021;19:14:12;75;1};;
08-18-2021;19:14:17;81;2};;
08-18-2021;19:14:22;87;1};;
08-18-2021;19:14:27;89;1};;
08-18-2021;19:14:37;90;1};;
08-18-2021;19:14:42;91;1};;
08-18-2021;19:14:52;88;1};;
08-18-2021;19:14:57;87;2};;
08-18-2021;19:15:02;87;1};;
08-18-2021;19:15:07;85;3};;
08-18-2021;19:15:12;80;1};;
08-18-2021;19:15:22;81;1};;
08-18-2021;19:15:27;80;1};;
08-18-2021;19:15:37;80;2};;
08-18-2021;19:15:42;80;1};;
08-18-2021;19:15:47;81;1};;
08-18-2021;19:15:57;80;1};;
08-18-2021;19:16:02;80;1};;
08-18-2021;19:16:12;76;2};;
08-18-2021;19:16:17;79;2};;
08-18-2021;19:16:22;77;2};;
08-18-2021;19:16:27;76;2};;
08-18-2021;19:16:32;76;1};;
08-18-2021;19:16:37;78;1};;
08-18-2021;19:16:42;81;1};;
08-18-2021;19:16:47;82;2};;
08-18-2021;19:16:57;84;3};;
08-18-2021;19:17:02;86;2};;
08-18-2021;19:17:07;86;1};;
08-18-2021;19:17:12;85;1};;
08-18-2021;19:17:17;86;1};;
08-18-2021;19:17:22;89;1};;
08-18-2021;19:17:27;90;3};;
08-18-2021;19:17:32;89;1};;
08-18-2021;19:17:37;87;3};;
08-18-2021;19:17:42;87;2};;
08-18-2021;19:17:47;86;1};;
08-18-2021;19:17:52;85;1};;
08-18-2021;19:17:57;84;1};;
08-18-2021;19:18:07;88;1};;
08-18-2021;19:18:12;89;1};;
08-18-2021;19:18:17;88;1};;
08-18-2021;19:18:22;81;1};;
08-18-2021;19:18:27;80;1};;
08-18-2021;19:18:32;75;1};;
08-18-2021;19:18:37;72;1};;
08-18-2021;19:18:42;76;1};;
08-18-2021;19:18:47;79;1};;
08-18-2021;19:18:57;81;1};;
08-18-2021;19:19:02;83;1};;
08-18-2021;19:19:07;84;1};;
08-18-2021;19:19:12;82;1};;
08-18-2021;19:19:17;84;1};;
08-18-2021;19:19:22;82;1};;
08-18-2021;19:19:27;79;1};;
08-18-2021;19:19:37;79;2};;
08-18-2021;19:19:42;80;1};;
08-18-2021;19:19:47;79;1};;
08-18-2021;19:20:02;79;1};;
08-18-2021;19:20:07;77;1};;
08-18-2021;19:20:22;74;1};;
08-18-2021;19:20:32;75;1};;
08-18-2021;19:20:42;76;1};;
08-18-2021;19:20:47;77;1};;
08-18-2021;19:20:52;80;1};;
08-18-2021;19:20:57;78;1};;
08-18-2021;19:21:02;77;1};;
08-18-2021;19:21:07;74;2};;
08-18-2021;19:21:12;71;2};;
08-18-2021;19:21:17;67;3};;
08-18-2021;19:21:22;67;2};;
08-18-2021;19:21:27;66;1};;
08-18-2021;19:21:32;67;1};;
08-18-2021;19:21:37;68;1};;
08-18-2021;19:21:42;69;2};;
08-18-2021;19:21:47;70;2};;
08-18-2021;19:21:52;71;1};;
08-18-2021;19:21:57;72;1};;
08-18-2021;19:22:02;72;3};;
08-18-2021;19:22:07;72;2};;
08-18-2021;19:22:12;69;2};;
08-18-2021;19:22:17;66;2};;
08-18-2021;19:22:27;68;2};;
08-18-2021;19:22:32;69;2};;
08-18-2021;19:22:42;70;2};;
08-18-2021;19:22:47;68;3};;
08-18-2021;19:22:52;67;3};;
08-18-2021;19:22:57;69;3};;
08-18-2021;19:23:02;71;3};;
08-18-2021;19:23:07;70;2};;
08-18-2021;19:23:12;68;3};;
08-18-2021;19:23:17;66;3};;
08-18-2021;19:23:22;67;1};;
08-18-2021;19:23:32;66;1};;
08-18-2021;19:23:37;66;2};;
08-18-2021;19:23:47;66;1};;
08-18-2021;19:23:52;67;1};;
08-18-2021;19:23:57;68;1};;
08-18-2021;19:24:02;71;1};;
08-18-2021;19:24:07;77;1};;
08-18-2021;19:24:12;79;1};;
08-18-2021;19:24:17;80;1};;
08-18-2021;19:24:22;82;1};;
08-18-2021;19:24:27;84;1};;
08-18-2021;19:24:32;80;1};;
08-18-2021;19:24:37;77;1};;
08-18-2021;19:24:42;75;1};;
08-18-2021;19:24:47;78;1};;
08-18-2021;19:24:52;80;1};;
08-18-2021;19:25:02;82;1};;
08-18-2021;19:25:07;83;1};;
08-18-2021;19:25:12;80;1};;
08-18-2021;19:25:17;82;1};;
08-18-2021;19:25:22;75;1};;
08-18-2021;19:25:27;77;1};;
08-18-2021;19:25:32;76;1};;
08-18-2021;19:25:37;73;1};;
08-18-2021;19:25:42;72;1};;
08-18-2021;19:25:47;70;1};;
08-18-2021;19:25:57;69;1};;
08-18-2021;19:26:02;70;1};;
08-18-2021;19:26:07;74;1};;
08-18-2021;19:26:12;71;2};;
08-18-2021;19:26:17;69;2};;
08-18-2021;19:26:27;71;2};;
08-18-2021;19:26:32;71;1};;
08-18-2021;19:26:42;72;1};;
08-18-2021;19:26:47;71;1};;
08-18-2021;19:26:52;69;1};;
08-18-2021;19:26:57;65;1};;
08-18-2021;19:27:07;66;1};;
08-18-2021;19:27:12;68;2};;
08-18-2021;19:27:22;70;1};;
08-18-2021;19:27:27;72;1};;
08-18-2021;19:27:32;75;1};;
08-18-2021;19:27:37;74;1};;
08-18-2021;19:27:47;72;1};;
08-18-2021;19:27:52;75;1};;
08-18-2021;19:27:57;78;1};;
08-18-2021;19:28:02;77;2};;
08-18-2021;19:28:07;74;2};;
08-18-2021;19:28:12;71;1};;
08-18-2021;19:28:17;61;1};;
08-18-2021;19:28:27;63;1};;
08-18-2021;19:28:32;68;1};;
08-18-2021;19:28:37;74;1};;
08-18-2021;19:28:42;73;1};;
08-18-2021;19:28:47;69;1};;
08-18-2021;19:28:52;64;1};;
08-18-2021;19:28:57;63;1};;
08-18-2021;19:29:12;63;1};;
08-18-2021;19:29:17;65;1};;
08-18-2021;19:29:22;66;1};;
08-18-2021;19:29:27;67;1};;
08-18-2021;19:29:32;70;1};;
08-18-2021;19:29:37;67;2};;
08-18-2021;19:29:42;67;1};;
08-18-2021;19:29:47;66;2};;
08-18-2021;19:29:52;67;3};;
08-18-2021;19:29:57;68;2};;
08-18-2021;19:30:12;67;3};;
08-18-2021;19:30:17;66;3};;
08-18-2021;19:30:27;67;3};;
08-18-2021;19:30:32;66;3};;
08-18-2021;19:30:37;66;2};;
08-18-2021;19:30:42;67;2};;
08-18-2021;19:30:47;70;3};;
08-18-2021;19:30:52;71;3};;
08-18-2021;19:30:57;72;3};;
08-18-2021;19:31:02;74;3};;
08-18-2021;19:31:12;70;2};;
08-18-2021;19:31:17;69;1};;
08-18-2021;19:31:22;68;3};;
08-18-2021;19:31:27;67;2};;
08-18-2021;19:31:32;68;3};;
08-18-2021;19:31:37;65;1};;
08-18-2021;19:31:42;64;1};;
08-18-2021;19:31:47;66;1};;
08-18-2021;19:31:52;71;1};;
08-18-2021;19:31:57;78;1};;
08-18-2021;19:32:02;79;1};;
08-18-2021;19:32:07;80;1};;
08-18-2021;19:32:12;70;1};;
08-18-2021;19:32:17;67;1};;
08-18-2021;19:32:22;65;1};;
08-18-2021;19:32:27;64;2};;
08-18-2021;19:32:32;66;2};;
08-18-2021;19:32:37;69;3};;
08-18-2021;19:32:47;70;3};;
08-18-2021;19:32:52;70;2};;
08-18-2021;19:32:59;71;0};;
08-18-2021;19:33:04;72;0};;
08-18-2021;19:33:14;71;1};;
08-18-2021;19:33:19;68;1};;
08-18-2021;19:33:24;67;3};;
08-18-2021;19:33:29;68;1};;
08-18-2021;19:33:34;69;1};;
08-18-2021;19:33:49;66;1};;
08-18-2021;19:33:54;67;1};;
08-18-2021;19:33:59;68;1};;
08-18-2021;19:34:09;69;1};;
08-18-2021;19:34:19;71;1};;
08-18-2021;19:34:24;66;3};;
08-18-2021;19:34:29;64;2};;
08-18-2021;19:34:34;61;3};;
08-18-2021;19:34:44;61;2};;
08-18-2021;19:34:49;61;1};;
08-18-2021;19:34:54;62;1};;
08-18-2021;19:34:59;65;1};;
08-18-2021;19:35:09;66;1};;
08-18-2021;19:35:14;64;1};;
08-18-2021;19:35:29;67;1};;
08-18-2021;19:35:34;68;1};;
08-18-2021;19:35:39;67;1};;
08-18-2021;19:35:54;67;1};;
08-18-2021;19:35:59;66;3};;
08-18-2021;19:36:04;65;2};;
08-18-2021;19:36:09;63;3};;
08-18-2021;19:36:19;66;3};;
08-18-2021;19:36:24;68;3};;
08-18-2021;19:36:29;67;3};;
08-18-2021;19:36:34;68;3};;
08-18-2021;19:36:39;66;2};;
08-18-2021;19:36:44;65;2};;
08-18-2021;19:36:54;66;3};;
08-18-2021;19:36:59;68;3};;
08-18-2021;19:37:04;69;2};;
08-18-2021;19:37:09;69;1};;
08-18-2021;19:37:14;70;1};;
08-18-2021;19:37:19;72;1};;
08-18-2021;19:37:24;74;1};;
08-18-2021;19:37:29;73;1};;
08-18-2021;19:37:34;74;1};;
08-18-2021;19:37:39;75;1};;
08-18-2021;19:37:44;76;1};;
08-18-2021;19:37:49;77;1};;
08-18-2021;19:37:59;76;1};;
08-18-2021;19:38:09;77;1};;
08-18-2021;19:38:24;76;1};;
08-18-2021;19:38:29;76;2};;
08-18-2021;19:38:39;75;2};;
08-18-2021;19:38:44;69;3};;
08-18-2021;19:38:49;63;1};;
08-18-2021;19:38:54;64;1};;
08-18-2021;19:38:59;65;1};;
08-18-2021;19:39:04;67;1};;
08-18-2021;19:39:09;68;1};;
08-18-2021;19:39:14;69;1};;
08-18-2021;19:39:19;72;1};;
08-18-2021;19:39:24;67;1};;
08-18-2021;19:39:34;68;1};;
08-18-2021;19:39:39;69;1};;
08-18-2021;19:39:54;69;1};;
08-18-2021;19:39:59;67;1};;
08-18-2021;19:40:04;66;1};;
08-18-2021;19:40:09;65;1};;
08-18-2021;19:40:14;66;1};;
08-18-2021;19:40:19;69;1};;
08-18-2021;19:40:24;70;1};;
08-18-2021;19:40:29;68;1};;
08-18-2021;19:40:39;65;3};;
08-18-2021;19:40:44;61;1};;
08-18-2021;19:40:49;60;1};;
08-18-2021;19:40:54;61;1};;
08-18-2021;19:40:59;62;1};;
08-18-2021;19:41:04;63;1};;
08-18-2021;19:41:09;62;1};;
08-18-2021;19:41:14;63;1};;
08-18-2021;19:41:19;65;1};;
08-18-2021;19:41:24;69;1};;
08-18-2021;19:41:29;67;1};;
08-18-2021;19:41:34;68;2};;
08-18-2021;19:41:44;67;1};;
08-18-2021;19:41:49;66;1};;
08-18-2021;19:41:59;65;1};;
08-18-2021;19:42:04;63;1};;
08-18-2021;19:42:09;62;1};;
08-18-2021;19:42:14;63;1};;
08-18-2021;19:42:19;64;2};;
08-18-2021;19:42:24;66;2};;
08-18-2021;19:42:29;70;2};;
08-18-2021;19:42:34;68;1};;
08-18-2021;19:42:39;67;1};;
08-18-2021;19:42:44;68;1};;
08-18-2021;19:42:49;69;3};;
08-18-2021;19:42:54;72;1};;
08-18-2021;19:42:59;77;1};;
08-18-2021;19:43:04;78;1};;
08-18-2021;19:43:09;77;1};;
08-18-2021;19:43:14;75;1};;
08-18-2021;19:43:19;68;1};;
08-18-2021;19:43:24;65;1};;
08-18-2021;19:43:29;66;1};;
08-18-2021;19:43:34;67;1};;
08-18-2021;19:43:39;68;1};;
08-18-2021;19:43:54;69;1};;
08-18-2021;19:44:09;64;3};;
08-18-2021;19:44:14;63;3};;
08-18-2021;19:44:19;63;2};;
08-18-2021;19:44:29;64;2};;
08-18-2021;19:44:34;62;3};;
08-18-2021;19:44:39;60;3};;
08-18-2021;19:44:44;59;3};;
08-18-2021;19:44:54;61;3};;
08-18-2021;19:44:59;60;3};;
08-18-2021;19:45:04;61;1};;
08-18-2021;19:45:09;60;1};;
08-18-2021;19:45:19;63;1};;
08-18-2021;19:45:24;65;1};;
08-18-2021;19:45:29;68;1};;
08-18-2021;19:45:34;70;1};;
08-18-2021;19:45:39;73;1};;
08-18-2021;19:45:44;67;3};;
08-18-2021;19:45:49;65;1};;
08-18-2021;19:45:54;63;2};;
08-18-2021;19:45:59;64;2};;
08-18-2021;19:46:04;66;2};;
08-18-2021;19:46:09;67;1};;
08-18-2021;19:46:19;63;3};;
08-18-2021;19:46:24;63;1};;
08-18-2021;19:46:29;67;1};;
08-18-2021;19:46:34;66;1};;
08-18-2021;19:46:49;68;2};;
08-18-2021;19:46:54;70;1};;
08-18-2021;19:46:59;73;1};;
08-18-2021;19:47:04;75;1};;
08-18-2021;19:47:09;76;1};;
08-18-2021;19:47:24;76;1};;
08-18-2021;19:47:29;82;1};;
08-18-2021;19:47:34;83;1};;
08-18-2021;19:47:39;82;1};;
08-18-2021;19:47:49;80;1};;
08-18-2021;19:47:54;81;1};;
08-18-2021;19:47:59;82;1};;
08-18-2021;19:48:04;76;1};;
08-18-2021;19:48:09;75;1};;
08-18-2021;19:48:14;66;3};;
08-18-2021;19:48:19;62;2};;
08-18-2021;19:48:24;60;2};;
08-18-2021;19:48:29;61;2};;
08-18-2021;19:48:39;61;1};;
08-18-2021;19:48:44;63;1};;
08-18-2021;19:48:59;66;1};;
08-18-2021;19:49:04;71;1};;
08-18-2021;19:49:09;72;1};;
08-18-2021;19:49:14;71;1};;
08-18-2021;19:49:19;73;1};;
08-18-2021;19:49:24;77;1};;
08-18-2021;19:49:29;82;1};;
08-18-2021;19:49:34;83;1};;
08-18-2021;19:49:39;84;1};;
08-18-2021;19:49:44;82;1};;
08-18-2021;19:49:49;80;2};;
08-18-2021;19:49:54;76;2};;
08-18-2021;19:49:59;70;3};;
08-18-2021;19:50:04;71;1};;
08-18-2021;19:50:09;73;1};;
08-18-2021;19:50:14;74;1};;
08-18-2021;19:50:19;75;1};;
08-18-2021;19:50:24;76;3};;
08-18-2021;19:50:29;76;1};;
08-18-2021;19:50:34;75;1};;
08-18-2021;19:50:39;74;1};;
08-18-2021;19:50:44;75;1};;
08-18-2021;19:50:54;72;1};;
08-18-2021;19:50:59;71;1};;
08-18-2021;19:51:09;76;1};;
08-18-2021;19:51:19;75;1};;
08-18-2021;19:51:24;73;1};;
08-18-2021;19:51:29;75;2};;
08-18-2021;19:51:34;75;1};;
08-18-2021;19:51:49;75;1};;
08-18-2021;19:51:54;76;1};;
08-18-2021;19:51:59;77;1};;
08-18-2021;19:52:04;79;1};;
08-18-2021;19:52:09;78;1};;
08-18-2021;19:52:14;80;1};;
08-18-2021;19:52:24;79;1};;
08-18-2021;19:52:29;77;1};;
08-18-2021;19:52:39;78;1};;
08-18-2021;19:52:49;79;1};;
08-18-2021;19:52:54;81;1};;
08-18-2021;19:52:59;82;1};;
08-18-2021;19:53:04;84;1};;
08-18-2021;19:53:19;84;1};;
08-18-2021;19:53:29;87;1};;
08-18-2021;19:53:34;83;1};;
08-18-2021;19:53:39;84;1};;
08-18-2021;19:53:44;79;1};;
08-18-2021;19:53:54;78;1};;
08-18-2021;19:53:59;82;1};;
08-18-2021;19:54:04;80;1};;
08-18-2021;19:54:09;76;1};;
08-18-2021;19:54:14;75;1};;
08-18-2021;19:54:19;76;1};;
08-18-2021;19:54:24;78;1};;
08-18-2021;19:54:34;73;1};;
08-18-2021;19:54:39;67;1};;
08-18-2021;19:54:44;72;1};;
08-18-2021;19:54:49;80;1};;
08-18-2021;19:54:54;83;1};;
08-18-2021;19:54:59;84;1};;
08-18-2021;19:55:04;82;1};;
08-18-2021;19:55:09;84;1};;
08-18-2021;19:55:14;77;1};;
08-18-2021;19:55:19;69;3};;
08-18-2021;19:55:24;67;1};;
08-18-2021;19:55:29;66;1};;
08-18-2021;19:55:34;65;1};;
08-18-2021;19:55:44;66;1};;
08-18-2021;19:55:49;68;1};;
08-18-2021;19:55:59;67;1};;
08-18-2021;19:56:04;65;1};;
08-18-2021;19:56:09;64;1};;
08-18-2021;19:56:19;62;2};;
08-18-2021;19:56:24;62;1};;
08-18-2021;19:56:39;62;1};;
08-18-2021;19:56:44;63;3};;
08-18-2021;19:56:54;64;2};;
08-18-2021;19:56:59;64;1};;
08-18-2021;19:57:04;65;1};;
08-18-2021;19:57:09;66;1};;
08-18-2021;19:57:14;65;1};;
08-18-2021;19:57:19;63;1};;
08-18-2021;19:57:24;62;2};;
08-18-2021;19:57:29;62;1};;
08-18-2021;19:57:34;61;1};;
08-18-2021;19:57:39;61;2};;
08-18-2021;19:57:44;62;2};;
08-18-2021;19:57:49;61;3};;
08-18-2021;19:57:54;60;3};;
08-18-2021;19:57:59;61;3};;
08-18-2021;19:58:04;61;1};;
08-18-2021;19:58:14;60;1};;
08-18-2021;19:58:19;61;1};;
08-18-2021;19:58:24;62;1};;
08-18-2021;19:58:34;61;1};;
08-18-2021;19:58:44;64;1};;
08-18-2021;19:58:49;65;2};;
08-18-2021;19:58:54;64;2};;
08-18-2021;19:58:59;63;2};;
08-18-2021;19:59:04;60;2};;
08-18-2021;19:59:19;59;3};;
08-18-2021;19:59:24;58;3};;
08-18-2021;19:59:29;56;1};;
08-18-2021;19:59:39;58;1};;
08-18-2021;19:59:44;61;1};;
08-18-2021;19:59:49;63;1};;
08-18-2021;19:59:54;62;1};;
08-18-2021;19:59:59;62;2};;
08-18-2021;20:00:04;61;1};;
08-18-2021;20:00:09;64;1};;
08-18-2021;20:00:14;70;3};;
08-18-2021;20:00:19;73;1};;
08-18-2021;20:00:24;74;1};;
08-18-2021;20:00:29;75;1};;
08-18-2021;20:00:34;76;1};;
08-18-2021;20:00:39;77;1};;
08-18-2021;20:00:44;78;1};;
08-18-2021;20:00:49;75;1};;
08-18-2021;20:00:54;75;2};;
08-18-2021;20:00:59;75;1};;
08-18-2021;20:01:04;76;1};;
08-18-2021;20:01:09;70;1};;
08-18-2021;20:01:14;69;1};;
08-18-2021;20:01:19;68;2};;
08-18-2021;20:01:24;65;3};;
08-18-2021;20:01:29;64;1};;
08-18-2021;20:01:39;65;1};;
08-18-2021;20:01:44;71;1};;
08-18-2021;20:01:49;70;1};;
08-18-2021;20:01:54;66;1};;
08-18-2021;20:01:59;65;1};;
08-18-2021;20:02:05;64;1};;
08-18-2021;20:02:10;71;1};;
08-18-2021;20:02:15;74;1};;
08-18-2021;20:02:20;71;3};;
08-18-2021;20:02:25;73;1};;
08-18-2021;20:02:30;75;1};;
08-18-2021;20:02:45;77;1};;
08-18-2021;20:02:50;76;1};;
08-18-2021;20:02:55;74;1};;
08-18-2021;20:03:00;76;1};;
08-18-2021;20:03:05;77;1};;
08-18-2021;20:03:10;75;1};;
08-18-2021;20:03:15;74;1};;
08-18-2021;20:03:20;72;1};;
08-18-2021;20:03:25;71;1};;
08-18-2021;20:03:30;69;1};;
08-18-2021;20:03:35;71;1};;
08-18-2021;20:03:40;74;1};;
08-18-2021;20:03:45;77;1};;
08-18-2021;20:03:50;74;1};;
08-18-2021;20:03:55;72;1};;
08-18-2021;20:04:05;69;3};;
08-18-2021;20:04:10;64;2};;
08-18-2021;20:04:15;65;3};;
08-18-2021;20:04:20;70;2};;
08-18-2021;20:04:25;74;3};;
08-18-2021;20:04:30;75;2};;
08-18-2021;20:04:35;74;3};;
08-18-2021;20:04:40;73;2};;
08-18-2021;20:04:45;74;1};;
08-18-2021;20:04:55;76;1};;
08-18-2021;20:05:00;78;1};;
08-18-2021;20:05:15;78;1};;
08-18-2021;20:05:20;77;1};;
08-18-2021;20:05:25;76;1};;
08-18-2021;20:05:30;75;1};;
08-18-2021;20:05:35;72;1};;
08-18-2021;20:05:40;73;1};;
08-18-2021;20:05:45;72;1};;
08-18-2021;20:05:50;70;1};;
08-18-2021;20:05:55;66;1};;
08-18-2021;20:06:00;65;1};;
08-18-2021;20:06:05;58;1};;
08-18-2021;20:06:10;59;1};;
08-18-2021;20:06:15;60;1};;
08-18-2021;20:06:20;61;1};;
08-18-2021;20:06:25;62;1};;
08-18-2021;20:06:30;63;1};;
08-18-2021;20:06:40;65;1};;
08-18-2021;20:06:45;67;1};;
08-18-2021;20:06:50;69;1};;
08-18-2021;20:06:55;70;1};;
08-18-2021;20:07:00;72;1};;
08-18-2021;20:07:05;68;1};;
08-18-2021;20:07:10;61;1};;
08-18-2021;20:07:15;60;1};;
08-18-2021;20:07:20;62;1};;
08-18-2021;20:07:25;63;1};;
08-18-2021;20:07:35;62;1};;
08-18-2021;20:07:40;67;1};;
08-18-2021;20:07:45;73;1};;
08-18-2021;20:07:50;74;1};;
08-18-2021;20:07:55;72;1};;
08-18-2021;20:08:00;68;1};;
08-18-2021;20:08:05;67;1};;
08-18-2021;20:08:10;66;1};;
08-18-2021;20:08:15;63;1};;
08-18-2021;20:08:20;61;1};;
08-18-2021;20:08:30;63;1};;
08-18-2021;20:08:35;65;1};;
08-18-2021;20:08:40;70;1};;
08-18-2021;20:08:45;72;1};;
08-18-2021;20:08:50;74;1};;
08-18-2021;20:08:55;72;1};;
08-18-2021;20:09:00;70;1};;
08-18-2021;20:09:05;69;1};;
08-18-2021;20:09:10;72;1};;
08-18-2021;20:09:15;74;1};;
08-18-2021;20:09:25;75;1};;
08-18-2021;20:09:30;79;1};;
08-18-2021;20:09:43;79;0};;
08-18-2021;20:09:48;80;0};;
08-18-2021;20:09:58;79;1};;
08-18-2021;20:10:08;77;1};;
08-18-2021;20:10:18;78;1};;
08-18-2021;20:10:23;79;1};;
08-18-2021;20:10:35;77;1};;
08-18-2021;20:10:40;79;1};;
08-18-2021;20:10:45;76;1};;
08-18-2021;20:11:00;76;1};;
08-18-2021;20:11:05;77;1};;
08-18-2021;20:11:10;78;1};;
08-18-2021;20:11:25;78;1};;
08-18-2021;20:11:30;81;1};;
08-18-2021;20:11:35;78;1};;
08-18-2021;20:11:40;82;1};;
08-18-2021;20:11:45;79;1};;
08-18-2021;20:11:55;78;1};;
08-18-2021;20:12:00;79;1};;
08-18-2021;20:12:05;76;1};;
08-18-2021;20:12:10;77;1};;
08-18-2021;20:12:20;78;1};;
08-18-2021;20:12:30;80;1};;
08-18-2021;20:12:40;82;1};;
08-18-2021;20:12:45;85;1};;
08-18-2021;20:12:55;84;1};;
08-18-2021;20:13:00;81;1};;
08-18-2021;20:13:05;79;1};;
08-18-2021;20:13:10;75;1};;
08-18-2021;20:13:15;75;2};;
08-18-2021;20:13:20;74;1};;
08-18-2021;20:13:25;73;1};;
08-18-2021;20:13:30;75;1};;
08-18-2021;20:13:35;75;1};;
08-18-2021;20:13:50;77;1};;
08-18-2021;20:13:55;80;1};;
08-18-2021;20:14:00;73;1};;
08-18-2021;20:14:05;72;2};;
08-18-2021;20:14:10;69;2};;
08-18-2021;20:14:15;68;1};;
08-18-2021;20:14:30;68;2};;
08-18-2021;20:14:35;70;3};;
08-18-2021;20:14:45;69;3};;
08-18-2021;20:14:50;68;2};;
08-18-2021;20:15:00;67;2};;
08-18-2021;20:15:05;67;3};;
08-18-2021;20:15:15;67;2};;
08-18-2021;20:15:25;68;2};;
08-18-2021;20:15:30;68;1};;
08-18-2021;20:15:40;70;3};;
08-18-2021;20:15:45;69;3};;
08-18-2021;20:15:50;68;3};;
08-18-2021;20:16:00;69;2};;
08-18-2021;20:16:10;70;2};;
08-18-2021;20:16:15;72;1};;
08-18-2021;20:16:20;73;1};;
08-18-2021;20:16:25;74;1};;
08-18-2021;20:16:30;75;1};;
08-18-2021;20:16:35;74;1};;
08-18-2021;20:16:40;70;1};;
08-18-2021;20:16:45;71;1};;
08-18-2021;20:16:50;73;1};;
08-18-2021;20:17:05;73;1};;
08-18-2021;20:17:15;71;2};;
08-18-2021;20:17:20;72;3};;
08-18-2021;20:17:25;72;1};;
08-18-2021;20:17:30;71;1};;
08-18-2021;20:17:35;70;1};;
08-18-2021;20:17:45;72;1};;
08-18-2021;20:17:50;70;1};;
08-18-2021;20:18:00;71;1};;
08-18-2021;20:18:05;72;2};;
08-18-2021;20:18:10;73;2};;
08-18-2021;20:18:15;71;1};;
08-18-2021;20:18:20;69;1};;
08-18-2021;20:18:25;70;1};;
08-18-2021;20:18:30;72;1};;
08-18-2021;20:18:35;74;1};;
08-18-2021;20:18:40;75;2};;
08-18-2021;20:18:45;75;1};;
08-18-2021;20:18:50;73;1};;
08-18-2021;20:18:55;74;1};;
08-18-2021;20:19:00;73;1};;
08-18-2021;20:19:05;72;1};;
08-18-2021;20:19:10;70;1};;
08-18-2021;20:19:15;68;1};;
08-18-2021;20:19:20;69;2};;
08-18-2021;20:19:25;70;1};;
08-18-2021;20:19:30;71;1};;
08-18-2021;20:19:35;72;1};;
08-18-2021;20:19:50;72;1};;
08-18-2021;20:19:55;70;1};;
08-18-2021;20:20:05;72;1};;
08-18-2021;20:20:10;71;2};;
08-18-2021;20:20:15;69;2};;
08-18-2021;20:20:20;69;3};;
08-18-2021;20:20:25;69;2};;
08-18-2021;20:20:30;68;2};;
08-18-2021;20:20:40;68;1};;
08-18-2021;20:20:45;70;2};;
08-18-2021;20:20:50;74;2};;
08-18-2021;20:21:00;71;1};;
08-18-2021;20:21:10;72;1};;
08-18-2021;20:21:15;73;1};;
08-18-2021;20:21:25;74;1};;
08-18-2021;20:21:35;73;1};;
08-18-2021;20:21:40;71;1};;
08-18-2021;20:21:45;73;1};;
08-18-2021;20:21:50;75;1};;
08-18-2021;20:21:55;73;1};;
08-18-2021;20:22:00;75;1};;
08-18-2021;20:22:05;74;1};;
08-18-2021;20:22:15;74;2};;
08-18-2021;20:22:20;73;2};;
08-18-2021;20:22:25;73;2};;
08-18-2021;20:22:30;74;2};;
08-18-2021;20:22:35;73;2};;
08-18-2021;20:22:40;71;1};;
08-18-2021;20:22:50;74;1};;
08-18-2021;20:22:55;77;3};;
08-18-2021;20:23:00;76;3};;
08-18-2021;20:23:05;72;2};;
08-18-2021;20:23:10;70;1};;
08-18-2021;20:23:20;72;1};;
08-18-2021;20:23:35;73;1};;
08-18-2021;20:23:40;72;1};;
08-18-2021;20:23:45;73;1};;
08-18-2021;20:23:50;72;1};;
08-18-2021;20:23:55;73;1};;
08-18-2021;20:24:00;74;1};;
08-18-2021;20:24:05;75;1};;
08-18-2021;20:24:10;74;1};;
08-18-2021;20:24:15;71;1};;
08-18-2021;20:24:25;73;1};;
08-18-2021;20:24:30;74;1};;
08-18-2021;20:24:35;71;1};;
08-18-2021;20:24:40;72;1};;
08-18-2021;20:24:50;73;1};;
08-18-2021;20:24:55;74;1};;
08-18-2021;20:25:05;73;1};;
08-18-2021;20:25:10;72;1};;
08-18-2021;20:25:15;72;1};;
08-18-2021;20:25:20;73;1};;
08-18-2021;20:25:30;72;1};;
08-18-2021;20:25:40;74;1};;
08-18-2021;20:25:45;80;1};;
08-18-2021;20:25:50;81;1};;
08-18-2021;20:26:00;79;1};;
08-18-2021;20:26:05;80;1};;
08-18-2021;20:26:10;73;1};;
08-18-2021;20:26:15;70;3};;
08-18-2021;20:26:20;69;2};;
08-18-2021;20:26:25;68;1};;
08-18-2021;20:26:30;69;1};;
08-18-2021;20:26:35;72;1};;
08-18-2021;20:26:40;74;1};;
08-18-2021;20:26:45;76;1};;
08-18-2021;20:26:50;75;1};;
08-18-2021;20:27:00;74;1};;
08-18-2021;20:27:05;73;2};;
08-18-2021;20:27:10;73;3};;
08-18-2021;20:27:15;71;2};;
08-18-2021;20:27:20;70;2};;
08-18-2021;20:27:25;70;1};;
08-18-2021;20:27:30;72;1};;
08-18-2021;20:27:35;74;2};;
08-18-2021;20:27:50;72;1};;
08-18-2021;20:27:55;71;1};;
08-18-2021;20:28:00;73;1};;
08-18-2021;20:28:05;72;1};;
08-18-2021;20:28:10;71;1};;
08-18-2021;20:28:15;69;1};;
08-18-2021;20:28:20;70;1};;
08-18-2021;20:28:25;74;1};;
08-18-2021;20:28:35;73;1};;
08-18-2021;20:28:40;71;1};;
08-18-2021;20:28:55;72;1};;
08-18-2021;20:29:00;73;1};;
08-18-2021;20:29:05;75;1};;
08-18-2021;20:29:10;77;1};;
08-18-2021;20:29:15;75;1};;
08-18-2021;20:29:20;73;1};;
08-18-2021;20:29:25;71;1};;
08-18-2021;20:29:30;69;2};;
08-18-2021;20:29:35;67;1};;
08-18-2021;20:29:40;68;1};;
08-18-2021;20:29:45;70;1};;
08-18-2021;20:29:50;73;1};;
08-18-2021;20:29:55;74;1};;
08-18-2021;20:30:00;77;1};;
08-18-2021;20:30:05;78;1};;
08-18-2021;20:30:10;76;1};;
08-18-2021;20:30:15;77;1};;
08-18-2021;20:30:25;78;1};;
08-18-2021;20:30:30;75;1};;
08-18-2021;20:30:35;76;1};;
08-18-2021;20:30:40;72;1};;
08-18-2021;20:30:45;71;1};;
08-18-2021;20:30:50;70;1};;
08-18-2021;20:30:55;65;1};;
08-18-2021;20:31:00;64;1};;
08-18-2021;20:31:05;65;2};;
08-18-2021;20:31:10;62;3};;
08-18-2021;20:31:15;62;1};;
08-18-2021;20:31:20;61;1};;
08-18-2021;20:31:25;63;1};;
08-18-2021;20:31:30;64;2};;
08-18-2021;20:31:35;64;1};;
08-18-2021;20:31:50;64;1};;
08-18-2021;20:31:55;63;1};;
08-18-2021;20:32:00;62;1};;
08-18-2021;20:32:05;61;2};;
08-18-2021;20:32:10;62;3};;
08-18-2021;20:32:20;62;1};;
08-18-2021;20:32:30;63;2};;
08-18-2021;20:32:35;65;3};;
08-18-2021;20:32:40;64;3};;
08-18-2021;20:32:45;61;1};;
08-18-2021;20:32:50;60;2};;
08-18-2021;20:32:55;60;1};;
08-18-2021;20:33:00;61;1};;
08-18-2021;20:33:05;61;2};;
08-18-2021;20:33:10;61;3};;
08-18-2021;20:33:15;61;1};;
08-18-2021;20:33:25;62;2};;
08-18-2021;20:33:40;63;2};;
08-18-2021;20:33:50;62;2};;
08-18-2021;20:34:05;62;2};;
08-18-2021;20:34:10;62;1};;
08-18-2021;20:34:20;63;1};;
08-18-2021;20:34:25;64;1};;
08-18-2021;20:34:30;62;1};;
08-18-2021;20:34:40;59;1};;
08-18-2021;20:34:45;61;1};;
08-18-2021;20:34:50;63;1};;
08-18-2021;20:35:00;65;1};;
08-18-2021;20:35:05;64;1};;
08-18-2021;20:35:15;63;1};;
08-18-2021;20:35:20;60;1};;
08-18-2021;20:35:25;59;1};;
08-18-2021;20:35:30;58;1};;
08-18-2021;20:35:40;59;1};;
08-18-2021;20:35:45;63;1};;
08-18-2021;20:35:55;62;1};;
08-18-2021;20:36:00;59;1};;
08-18-2021;20:36:05;58;1};;
08-18-2021;20:36:10;59;1};;
08-18-2021;20:36:15;58;1};;
08-18-2021;20:36:25;60;1};;
08-18-2021;20:36:30;60;1};;
08-18-2021;20:36:35;59;2};;
08-18-2021;20:36:40;61;1};;
08-18-2021;20:36:45;62;1};;
08-18-2021;20:36:50;59;1};;
08-18-2021;20:36:55;59;2};;
08-18-2021;20:37:00;59;1};;
08-18-2021;20:37:05;60;1};;
08-18-2021;20:37:15;60;2};;
08-18-2021;20:37:25;60;1};;
08-18-2021;20:37:35;59;1};;
08-18-2021;20:37:45;59;2};;
08-18-2021;20:37:55;58;2};;
08-18-2021;20:38:00;59;1};;
08-18-2021;20:38:05;60;1};;
08-18-2021;20:38:10;64;1};;
08-18-2021;20:38:15;62;1};;
08-18-2021;20:38:20;63;2};;
08-18-2021;20:38:25;60;1};;
08-18-2021;20:38:30;58;1};;
08-18-2021;20:38:45;59;1};;
08-18-2021;20:38:55;58;1};;
08-18-2021;20:39:05;61;1};;
08-18-2021;20:39:10;62;1};;
08-18-2021;20:39:15;63;1};;
08-18-2021;20:39:20;62;1};;
08-18-2021;20:39:25;61;1};;
08-18-2021;20:39:30;61;1};;
08-18-2021;20:39:35;64;1};;
08-18-2021;20:39:40;65;1};;
08-18-2021;20:39:45;63;1};;
08-18-2021;20:39:55;61;1};;
08-18-2021;20:40:10;61;1};;
08-18-2021;20:40:15;61;2};;
08-18-2021;20:40:25;62;2};;
08-18-2021;20:40:30;63;2};;
08-18-2021;20:40:40;63;1};;
08-18-2021;20:40:45;62;1};;
08-18-2021;20:40:50;63;1};;
08-18-2021;20:40:55;65;1};;
08-18-2021;20:41:00;67;1};;
08-18-2021;20:41:05;71;1};;
08-18-2021;20:41:10;75;1};;
08-18-2021;20:41:15;74;1};;
08-18-2021;20:41:20;76;1};;
08-18-2021;20:41:25;74;1};;
08-18-2021;20:41:30;75;1};;
08-18-2021;20:41:45;73;1};;
08-18-2021;20:41:50;78;1};;
08-18-2021;20:41:55;77;1};;
08-18-2021;20:42:05;76;1};;
08-18-2021;20:42:10;74;1};;
08-18-2021;20:42:15;75;1};;
08-18-2021;20:42:20;73;1};;
08-18-2021;20:42:25;74;1};;
08-18-2021;20:42:30;72;1};;
08-18-2021;20:42:35;69;1};;
08-18-2021;20:42:50;66;1};;
08-18-2021;20:42:55;63;1};;
08-18-2021;20:43:00;62;1};;
08-18-2021;20:43:05;63;2};;
08-18-2021;20:43:15;61;1};;
08-18-2021;20:43:20;60;1};;
08-18-2021;20:43:25;61;1};;
08-18-2021;20:43:30;63;1};;
08-18-2021;20:43:35;64;1};;
08-18-2021;20:43:40;63;1};;
08-18-2021;20:43:45;64;1};;
08-18-2021;20:43:50;65;1};;
08-18-2021;20:43:55;67;1};;
08-18-2021;20:44:00;66;1};;
08-18-2021;20:44:05;64;1};;
08-18-2021;20:44:10;62;1};;
08-18-2021;20:44:20;63;1};;
08-18-2021;20:44:25;62;1};;
08-18-2021;20:44:40;62;1};;
08-18-2021;20:44:55;63;1};;
08-18-2021;20:45:00;65;1};;
08-18-2021;20:45:05;66;1};;
08-18-2021;20:45:10;64;1};;
08-18-2021;20:45:15;65;2};;
08-18-2021;20:45:20;65;1};;
08-18-2021;20:45:35;63;1};;
08-18-2021;20:45:40;65;1};;
08-18-2021;20:45:45;68;1};;
08-18-2021;20:45:50;67;1};;
08-18-2021;20:45:55;69;1};;
08-18-2021;20:46:00;68;1};;
08-18-2021;20:46:05;66;1};;
08-18-2021;20:46:10;65;1};;
08-18-2021;20:46:25;65;1};;
08-18-2021;20:46:40;65;1};;
08-18-2021;20:46:45;66;1};;
08-18-2021;20:46:50;65;1};;
08-18-2021;20:47:00;66;1};;
08-18-2021;20:47:10;65;1};;
08-18-2021;20:47:25;65;1};;
08-18-2021;20:47:40;64;1};;
08-18-2021;20:47:45;65;1};;
08-18-2021;20:47:55;66;2};;
08-18-2021;20:48:00;65;2};;
08-18-2021;20:48:10;63;2};;
08-18-2021;20:48:20;62;2};;
08-18-2021;20:48:25;62;1};;
08-18-2021;20:48:30;63;1};;
08-18-2021;20:48:40;65;1};;
08-18-2021;20:48:45;63;1};;
08-18-2021;20:48:55;62;1};;
08-18-2021;20:49:00;61;1};;
08-18-2021;20:49:15;62;1};;
08-18-2021;20:49:25;63;1};;
08-18-2021;20:49:30;62;1};;
08-18-2021;20:49:40;61;1};;
08-18-2021;20:49:45;62;1};;
08-18-2021;20:49:50;63;1};;
08-18-2021;20:50:05;62;1};;
08-18-2021;20:50:15;61;2};;
08-18-2021;20:50:20;60;1};;
08-18-2021;20:50:35;60;1};;
08-18-2021;20:50:45;60;2};;
08-18-2021;20:50:55;61;1};;
08-18-2021;20:51:10;61;1};;
08-18-2021;20:51:15;71;1};;
08-18-2021;20:51:20;68;1};;
08-18-2021;20:51:25;73;1};;
08-18-2021;20:51:30;66;1};;
08-18-2021;20:51:35;65;1};;
08-18-2021;20:51:40;61;1};;
08-18-2021;20:51:45;62;1};;
08-18-2021;20:51:50;60;1};;
08-18-2021;20:51:55;61;1};;
08-18-2021;20:52:10;61;1};;
08-18-2021;20:52:15;61;2};;
08-18-2021;20:52:25;62;2};;
08-18-2021;20:52:30;62;1};;
08-18-2021;20:52:35;62;2};;
08-18-2021;20:52:40;62;1};;
08-18-2021;20:52:55;62;1};;
08-18-2021;20:53:10;62;2};;
08-18-2021;20:53:15;62;1};;
08-18-2021;20:53:30;61;1};;
08-18-2021;20:53:35;60;1};;
08-18-2021;20:53:40;61;1};;
08-18-2021;20:53:45;64;1};;
08-18-2021;20:53:50;67;1};;
08-18-2021;20:53:55;68;1};;
08-18-2021;20:54:10;65;1};;
08-18-2021;20:54:15;63;1};;
08-18-2021;20:54:20;61;1};;
08-18-2021;20:54:30;61;2};;
08-18-2021;20:54:35;61;1};;
08-18-2021;20:54:50;61;1};;
08-18-2021;20:55:05;61;1};;
08-18-2021;20:55:15;65;1};;
08-18-2021;20:55:20;72;1};;
08-18-2021;20:55:25;75;1};;
08-18-2021;20:55:30;76;1};;
08-18-2021;20:55:35;78;1};;
08-18-2021;20:55:45;79;1};;
08-18-2021;20:55:55;77;1};;
08-18-2021;20:56:00;73;1};;
08-18-2021;20:56:05;67;1};;
08-18-2021;20:56:10;61;1};;
08-18-2021;20:56:15;58;1};;
08-18-2021;20:56:20;60;1};;
08-18-2021;20:56:25;61;1};;
08-18-2021;20:56:40;63;1};;
08-18-2021;20:56:45;60;1};;
08-18-2021;20:56:50;58;1};;
08-18-2021;20:56:55;60;1};;
08-18-2021;20:57:10;59;1};;
08-18-2021;20:57:20;62;1};;
08-18-2021;20:57:25;65;1};;
08-18-2021;20:57:35;66;2};;
08-18-2021;20:57:45;62;3};;
08-18-2021;20:57:50;60;3};;
08-18-2021;20:57:55;61;2};;
08-18-2021;20:58:00;61;1};;
08-18-2021;20:58:15;61;1};;
08-18-2021;20:58:20;62;1};;
08-18-2021;20:58:25;66;1};;
08-18-2021;20:58:30;69;1};;
08-18-2021;20:58:35;70;1};;
08-18-2021;20:58:40;68;1};;
08-18-2021;20:58:45;67;1};;
08-18-2021;20:59:00;66;1};;
08-18-2021;20:59:05;64;1};;
08-18-2021;20:59:10;62;2};;
08-18-2021;20:59:15;60;2};;
08-18-2021;20:59:20;60;1};;
08-18-2021;20:59:25;59;2};;
08-18-2021;20:59:35;60;1};;
08-18-2021;20:59:40;59;2};;
08-18-2021;20:59:45;59;1};;
08-18-2021;21:00:00;59;1};;
08-18-2021;21:00:05;59;2};;
08-18-2021;21:00:10;59;1};;
08-18-2021;21:00:25;59;1};;
08-18-2021;21:00:40;61;1};;
08-18-2021;21:00:45;65;1};;
08-18-2021;21:00:50;62;1};;
08-18-2021;21:00:55;65;1};;
08-18-2021;21:01:00;64;1};;
08-18-2021;21:01:05;61;1};;
08-18-2021;21:01:10;59;1};;
08-18-2021;21:01:15;60;1};;
08-18-2021;21:01:20;61;1};;
08-18-2021;21:01:25;62;1};;
08-18-2021;21:01:30;61;1};;
08-18-2021;21:01:35;59;1};;
08-18-2021;21:01:40;61;1};;
08-18-2021;21:01:45;60;1};;
08-18-2021;21:01:55;59;1};;
08-18-2021;21:02:00;62;1};;
08-18-2021;21:02:05;64;1};;
08-18-2021;21:02:10;69;1};;
08-18-2021;21:02:15;65;1};;
08-18-2021;21:02:30;62;1};;
08-18-2021;21:02:35;60;1};;
08-18-2021;21:02:40;62;1};;
08-18-2021;21:02:45;66;1};;
08-18-2021;21:02:55;65;1};;
08-18-2021;21:03:00;61;1};;
08-18-2021;21:03:05;61;2};;
08-18-2021;21:03:20;60;2};;
08-18-2021;21:03:35;61;2};;
08-18-2021;21:03:40;61;1};;
08-18-2021;21:03:45;62;1};;
08-18-2021;21:03:50;62;2};;
08-18-2021;21:03:55;63;2};;
08-18-2021;21:04:05;63;1};;
08-18-2021;21:04:20;63;1};;
08-18-2021;21:04:30;62;1};;
08-18-2021;21:04:35;61;2};;
08-18-2021;21:04:40;60;2};;
08-18-2021;21:04:45;60;1};;
08-18-2021;21:04:55;63;1};;
08-18-2021;21:05:00;67;1};;
08-18-2021;21:05:05;69;1};;
08-18-2021;21:05:10;66;1};;
08-18-2021;21:05:15;63;1};;
08-18-2021;21:05:20;60;1};;
08-18-2021;21:05:25;59;1};;
08-18-2021;21:05:30;60;1};;
08-18-2021;21:05:35;63;1};;
08-18-2021;21:05:45;65;1};;
08-18-2021;21:05:50;69;1};;
08-18-2021;21:05:55;72;1};;
08-18-2021;21:06:00;77;1};;
08-18-2021;21:06:05;79;1};;
08-18-2021;21:06:15;78;1};;
08-18-2021;21:06:20;76;1};;
08-18-2021;21:06:30;75;1};;
08-18-2021;21:06:35;76;1};;
08-18-2021;21:06:40;78;1};;
08-18-2021;21:06:45;79;1};;
08-18-2021;21:06:50;80;1};;
08-18-2021;21:06:55;82;1};;
08-18-2021;21:07:00;81;1};;
08-18-2021;21:07:05;77;1};;
08-18-2021;21:07:10;78;1};;
08-18-2021;21:07:15;76;1};;
08-18-2021;21:07:20;75;1};;
08-18-2021;21:07:30;73;1};;
08-18-2021;21:07:35;77;1};;
08-18-2021;21:07:40;76;1};;
08-18-2021;21:07:45;75;1};;
08-18-2021;21:07:50;73;1};;
08-18-2021;21:07:55;72;1};;
08-18-2021;21:08:00;72;1};;
08-18-2021;21:08:15;72;1};;
08-18-2021;21:08:30;71;1};;
08-18-2021;21:08:35;72;1};;
08-18-2021;21:08:40;73;1};;
08-18-2021;21:08:45;75;1};;
08-18-2021;21:08:50;77;1};;
08-18-2021;21:08:55;79;1};;
08-18-2021;21:09:00;76;1};;
08-18-2021;21:09:15;74;1};;
08-18-2021;21:09:30;75;1};;
08-18-2021;21:09:40;77;1};;
08-18-2021;21:09:50;78;1};;
08-18-2021;21:10:00;75;1};;
08-18-2021;21:10:10;76;1};;
08-18-2021;21:10:15;74;1};;
08-18-2021;21:10:20;72;1};;
08-18-2021;21:10:25;69;1};;
08-18-2021;21:10:40;70;1};;
08-18-2021;21:10:45;71;1};;
08-18-2021;21:10:50;74;1};;
08-18-2021;21:10:55;78;1};;
08-18-2021;21:11:00;80;1};;
08-18-2021;21:11:05;79;1};;
08-18-2021;21:11:15;80;1};;
08-18-2021;21:11:20;79;1};;
08-18-2021;21:11:35;80;1};;
08-18-2021;21:11:40;81;1};;
08-18-2021;21:11:45;80;1};;
08-18-2021;21:11:55;79;1};;
08-18-2021;21:12:05;77;1};;
08-18-2021;21:12:15;78;1};;
08-18-2021;21:12:20;74;1};;
08-18-2021;21:12:25;73;1};;
08-18-2021;21:12:35;72;1};;
08-18-2021;21:12:40;74;1};;
08-18-2021;21:12:45;73;1};;
08-18-2021;21:12:50;74;1};;
08-18-2021;21:12:55;76;1};;
08-18-2021;21:13:00;75;1};;
08-18-2021;21:13:05;77;1};;
08-18-2021;21:13:10;79;1};;
08-18-2021;21:13:15;77;1};;
08-18-2021;21:13:20;79;1};;
08-18-2021;21:13:25;77;1};;
08-18-2021;21:13:30;79;1};;
08-18-2021;21:13:35;78;1};;
08-18-2021;21:13:40;77;1};;
08-18-2021;21:13:45;79;1};;
08-18-2021;21:14:00;78;1};;
08-18-2021;21:14:05;77;1};;
08-18-2021;21:14:10;79;1};;
08-18-2021;21:14:15;78;1};;
08-18-2021;21:14:25;79;1};;
08-18-2021;21:14:30;78;1};;
08-18-2021;21:14:35;77;1};;
08-18-2021;21:14:50;78;1};;
08-18-2021;21:14:55;79;1};;
08-18-2021;21:15:00;81;1};;
08-18-2021;21:15:05;82;1};;
08-18-2021;21:15:10;81;1};;
08-18-2021;21:15:15;76;1};;
08-18-2021;21:15:25;77;1};;
08-18-2021;21:15:30;78;1};;
08-18-2021;21:15:35;77;1};;
08-18-2021;21:15:40;79;1};;
08-18-2021;21:15:45;78;1};;
08-18-2021;21:15:55;79;1};;
08-18-2021;21:16:00;80;1};;
08-18-2021;21:16:05;79;1};;
08-18-2021;21:16:10;78;1};;
08-18-2021;21:16:15;79;1};;
08-18-2021;21:16:20;82;1};;
08-18-2021;21:16:25;80;1};;
08-18-2021;21:16:30;81;1};;
08-18-2021;21:16:35;79;1};;
08-18-2021;21:16:50;82;1};;
08-18-2021;21:16:55;78;2};;
08-18-2021;21:17:00;81;1};;
08-18-2021;21:17:05;79;1};;
08-18-2021;21:17:10;80;1};;
08-18-2021;21:17:15;78;1};;
08-18-2021;21:17:20;79;1};;
08-18-2021;21:17:30;78;1};;
08-18-2021;21:17:40;80;1};;
08-18-2021;21:17:45;75;1};;
08-18-2021;21:17:50;77;1};;
08-18-2021;21:18:05;78;1};;
08-18-2021;21:18:10;76;1};;
08-18-2021;21:18:15;78;1};;
08-18-2021;21:18:30;79;1};;
08-18-2021;21:18:35;77;1};;
08-18-2021;21:18:40;76;1};;
08-18-2021;21:18:45;78;1};;
08-18-2021;21:18:50;75;1};;
08-18-2021;21:18:55;77;1};;
08-18-2021;21:19:00;75;1};;
08-18-2021;21:19:05;77;1};;
08-18-2021;21:19:10;76;1};;
08-18-2021;21:19:25;76;1};;
08-18-2021;21:19:30;75;1};;
08-18-2021;21:19:45;76;1};;
08-18-2021;21:19:50;78;1};;
08-18-2021;21:19:55;79;1};;
08-18-2021;21:20:00;80;1};;
08-18-2021;21:20:05;83;1};;
08-18-2021;21:20:10;79;1};;
08-18-2021;21:20:15;81;1};;
08-18-2021;21:20:20;80;1};;
08-18-2021;21:20:25;77;1};;
08-18-2021;21:20:35;76;1};;
08-18-2021;21:20:40;78;1};;
08-18-2021;21:20:55;78;1};;
08-18-2021;21:21:00;80;1};;
08-18-2021;21:21:05;82;1};;
08-18-2021;21:21:10;81;1};;
08-18-2021;21:21:15;85;1};;
08-18-2021;21:21:20;83;1};;
08-18-2021;21:21:25;82;1};;
08-18-2021;21:21:35;80;1};;
08-18-2021;21:21:45;81;1};;
08-18-2021;21:21:50;83;1};;
08-18-2021;21:21:55;86;1};;
08-18-2021;21:22:00;84;1};;
08-18-2021;21:22:10;83;1};;
08-18-2021;21:22:15;80;1};;
08-18-2021;21:22:20;78;1};;
08-18-2021;21:22:35;79;1};;
08-18-2021;21:22:40;77;1};;
08-18-2021;21:22:45;76;1};;
08-18-2021;21:22:50;77;1};;
08-18-2021;21:23:00;76;1};;
08-18-2021;21:23:05;75;1};;
08-18-2021;21:23:10;76;1};;
08-18-2021;21:23:20;77;1};;
08-18-2021;21:23:25;78;1};;
08-18-2021;21:23:30;76;1};;
08-18-2021;21:23:35;77;1};;
08-18-2021;21:23:40;76;1};;
08-18-2021;21:23:45;75;1};;
08-18-2021;21:23:55;74;1};;
08-18-2021;21:24:00;73;1};;
08-18-2021;21:24:10;74;2};;
08-18-2021;21:24:15;73;2};;
08-18-2021;21:24:20;73;1};;
08-18-2021;21:24:25;74;1};;
08-18-2021;21:24:30;73;1};;
08-18-2021;21:24:45;73;1};;
08-18-2021;21:24:55;72;1};;
08-18-2021;21:25:00;71;1};;
08-18-2021;21:25:10;73;1};;
08-18-2021;21:25:25;72;1};;
08-18-2021;21:25:30;74;1};;
08-18-2021;21:25:45;72;1};;
08-18-2021;21:25:55;71;1};;
08-18-2021;21:26:05;73;1};;
08-18-2021;21:26:20;73;1};;
08-18-2021;21:26:35;73;1};;
08-18-2021;21:26:40;74;1};;
08-18-2021;21:26:45;73;1};;
08-18-2021;21:27:00;72;1};;
08-18-2021;21:27:05;74;1};;
08-18-2021;21:27:10;77;1};;
08-18-2021;21:27:15;75;1};;
08-18-2021;21:27:20;73;1};;
08-18-2021;21:27:25;72;1};;
08-18-2021;21:27:35;71;1};;
08-18-2021;21:27:40;72;1};;
08-18-2021;21:27:45;73;1};;
08-18-2021;21:27:50;72;1};;
08-18-2021;21:28:05;71;1};;
08-18-2021;21:28:15;70;1};;
08-18-2021;21:28:20;71;1};;
08-18-2021;21:28:30;72;1};;
08-18-2021;21:28:40;71;1};;
08-18-2021;21:28:50;72;1};;
08-18-2021;21:28:55;73;1};;
08-18-2021;21:29:05;71;1};;
08-18-2021;21:29:15;72;1};;
08-18-2021;21:29:25;73;1};;
08-18-2021;21:29:30;76;1};;
08-18-2021;21:29:35;74;1};;
08-18-2021;21:29:40;79;1};;
08-18-2021;21:29:45;78;1};;
08-18-2021;21:29:50;77;1};;
08-18-2021;21:29:55;78;1};;
08-18-2021;21:30:00;81;1};;
08-18-2021;21:30:04;81;1};;
08-18-2021;21:30:10;81;1};;
08-18-2021;21:30:15;80;1};;
08-18-2021;21:30:20;78;1};;
08-18-2021;21:30:25;76;1};;
08-18-2021;21:30:30;77;1};;
08-18-2021;21:30:35;76;1};;
08-18-2021;21:30:40;75;1};;
08-18-2021;21:30:45;73;1};;
08-18-2021;21:30:50;70;1};;
08-18-2021;21:30:55;72;1};;
08-18-2021;21:31:05;73;1};;
08-18-2021;21:31:15;72;1};;
08-18-2021;21:31:20;71;1};;
08-18-2021;21:31:30;70;1};;
08-18-2021;21:31:35;72;1};;
08-18-2021;21:31:40;75;1};;
08-18-2021;21:31:45;76;1};;
08-18-2021;21:31:50;78;1};;
08-18-2021;21:31:55;81;1};;
08-18-2021;21:32:00;82;1};;
08-18-2021;21:32:05;80;1};;
08-18-2021;21:32:10;77;1};;
08-18-2021;21:32:15;76;1};;
08-18-2021;21:32:20;75;1};;
08-18-2021;21:32:35;75;1};;
08-18-2021;21:32:40;77;1};;
08-18-2021;21:32:45;80;1};;
08-18-2021;21:32:50;80;1};;
08-18-2021;21:32:55;70;1};;
08-18-2021;21:33:00;71;2};;
08-18-2021;21:33:05;69;2};;
08-18-2021;21:33:10;68;1};;
08-18-2021;21:33:15;70;1};;
08-18-2021;21:33:20;72;1};;
08-18-2021;21:33:25;73;1};;
08-18-2021;21:33:40;71;1};;
08-18-2021;21:33:50;69;1};;
08-18-2021;21:33:55;65;1};;
08-18-2021;21:34:00;66;1};;
08-18-2021;21:34:05;68;1};;
08-18-2021;21:34:15;70;1};;
08-18-2021;21:34:20;71;1};;
08-18-2021;21:34:25;72;1};;
08-18-2021;21:34:40;73;1};;
08-18-2021;21:34:45;74;1};;
08-18-2021;21:34:50;73;1};;
08-18-2021;21:34:55;71;1};;
08-18-2021;21:35:05;70;1};;
08-18-2021;21:35:10;71;1};;
08-18-2021;21:35:15;72;1};;
08-18-2021;21:35:25;73;1};;
08-18-2021;21:35:30;75;1};;
08-18-2021;21:35:35;77;1};;
08-18-2021;21:35:40;76;1};;
08-18-2021;21:35:55;76;1};;
08-18-2021;21:36:05;75;1};;
08-18-2021;21:36:10;76;1};;
08-18-2021;21:36:20;73;1};;
08-18-2021;21:36:25;71;1};;
08-18-2021;21:36:30;74;1};;
08-18-2021;21:36:35;73;1};;
08-18-2021;21:36:40;72;1};;
08-18-2021;21:36:45;73;1};;
08-18-2021;21:36:50;74;1};;
08-18-2021;21:37:00;77;1};;
08-18-2021;21:37:05;90;1};;
08-18-2021;21:37:10;93;1};;
08-18-2021;21:37:20;94;1};;
08-18-2021;21:37:25;93;1};;
08-18-2021;21:37:30;91;1};;
08-18-2021;21:37:35;85;1};;
08-18-2021;21:37:40;79;1};;
08-18-2021;21:37:51;84;1};;
08-18-2021;21:38:01;85;1};;
08-18-2021;21:38:06;90;1};;
08-18-2021;21:38:11;89;1};;
08-18-2021;21:38:16;90;1};;
08-18-2021;21:38:21;86;1};;
08-18-2021;21:38:26;83;1};;
08-18-2021;21:38:31;80;1};;
08-18-2021;21:38:41;75;1};;
08-18-2021;21:38:46;69;1};;
08-18-2021;21:38:51;68;1};;
08-18-2021;21:38:56;67;1};;
08-18-2021;21:39:01;70;1};;
08-18-2021;21:39:06;75;1};;
08-18-2021;21:39:16;73;1};;
08-18-2021;21:39:21;71;1};;
08-18-2021;21:39:26;68;1};;
08-18-2021;21:39:31;65;1};;
08-18-2021;21:39:36;67;1};;
08-18-2021;21:39:41;69;1};;
08-18-2021;21:39:56;73;1};;
08-18-2021;21:40:01;72;1};;
08-18-2021;21:40:06;73;1};;
08-18-2021;21:40:11;72;1};;
08-18-2021;21:40:16;69;2};;
08-18-2021;21:40:21;69;1};;
08-18-2021;21:40:26;70;1};;
08-18-2021;21:40:31;71;1};;
08-18-2021;21:40:36;69;1};;
08-18-2021;21:40:46;67;1};;
08-18-2021;21:40:51;68;1};;
08-18-2021;21:41:06;70;1};;
08-18-2021;21:41:11;72;2};;
08-18-2021;21:41:16;73;1};;
08-18-2021;21:41:21;71;1};;
08-18-2021;21:41:26;70;1};;
08-18-2021;21:41:31;73;1};;
08-18-2021;21:41:36;76;1};;
08-18-2021;21:41:41;78;1};;
08-18-2021;21:41:46;77;1};;
08-18-2021;21:41:51;73;2};;
08-18-2021;21:42:01;72;1};;
08-18-2021;21:42:06;70;2};;
08-18-2021;21:42:11;70;1};;
08-18-2021;21:42:21;69;1};;
08-18-2021;21:42:36;70;1};;
08-18-2021;21:42:41;72;1};;
08-18-2021;21:42:51;71;1};;
08-18-2021;21:42:56;69;1};;
08-18-2021;21:43:01;71;1};;
08-18-2021;21:43:06;74;1};;
08-18-2021;21:43:11;75;1};;
08-18-2021;21:43:26;71;1};;
08-18-2021;21:43:31;72;1};;
08-18-2021;21:43:36;69;1};;
08-18-2021;21:43:46;71;1};;
08-18-2021;21:43:51;71;2};;
08-18-2021;21:43:56;72;1};;
08-18-2021;21:44:01;71;1};;
08-18-2021;21:44:06;70;1};;
08-18-2021;21:44:11;69;2};;
08-18-2021;21:44:16;69;1};;
08-18-2021;21:44:21;66;1};;
08-18-2021;21:44:26;70;1};;
08-18-2021;21:44:31;67;1};;
08-18-2021;21:44:41;64;1};;
08-18-2021;21:44:51;63;1};;
08-18-2021;21:44:56;65;3};;
08-18-2021;21:45:01;67;2};;
08-18-2021;21:45:06;66;2};;
08-18-2021;21:45:21;66;2};;
08-18-2021;21:45:26;67;2};;
08-18-2021;21:45:31;69;2};;
08-18-2021;21:45:36;68;1};;
08-18-2021;21:45:46;68;2};;
08-18-2021;21:45:51;69;1};;
08-18-2021;21:45:56;72;1};;
08-18-2021;21:46:01;69;1};;
08-18-2021;21:46:06;70;1};;
08-18-2021;21:46:11;69;2};;
08-18-2021;21:46:16;66;3};;
08-18-2021;21:46:21;65;2};;
08-18-2021;21:46:31;65;1};;
08-18-2021;21:46:36;69;1};;
08-18-2021;21:46:41;71;1};;
08-18-2021;21:46:46;68;1};;
08-18-2021;21:47:01;70;1};;
08-18-2021;21:47:06;67;1};;
08-18-2021;21:47:11;66;3};;
08-18-2021;21:47:16;65;3};;
08-18-2021;21:47:31;65;3};;
08-18-2021;21:47:36;67;3};;
08-18-2021;21:47:41;68;2};;
08-18-2021;21:47:46;67;2};;
08-18-2021;21:48:01;67;2};;
08-18-2021;21:48:06;68;1};;
08-18-2021;21:48:11;69;1};;
08-18-2021;21:48:16;74;1};;
08-18-2021;21:48:26;71;1};;
08-18-2021;21:48:31;69;1};;
08-18-2021;21:48:36;68;1};;
08-18-2021;21:48:41;69;1};;
08-18-2021;21:48:46;71;2};;
08-18-2021;21:48:51;73;3};;
08-18-2021;21:48:56;70;1};;
08-18-2021;21:49:01;67;1};;
08-18-2021;21:49:11;69;2};;
08-18-2021;21:49:16;68;3};;
08-18-2021;21:49:21;66;3};;
08-18-2021;21:49:26;67;3};;
08-18-2021;21:49:31;68;3};;
08-18-2021;21:49:36;69;2};;
08-18-2021;21:49:46;69;1};;
08-18-2021;21:49:51;69;2};;
08-18-2021;21:49:56;70;2};;
08-18-2021;21:50:01;70;1};;
08-18-2021;21:50:06;71;1};;
08-18-2021;21:50:11;72;1};;
08-18-2021;21:50:16;75;1};;
08-18-2021;21:50:26;72;1};;
08-18-2021;21:50:31;71;1};;
08-18-2021;21:50:36;68;3};;
08-18-2021;21:50:41;65;1};;
08-18-2021;21:50:56;66;1};;
08-18-2021;21:51:01;66;3};;
08-18-2021;21:51:06;66;2};;
08-18-2021;21:51:11;66;1};;
08-18-2021;21:51:21;67;2};;
08-18-2021;21:51:26;69;3};;
08-18-2021;21:51:31;68;2};;
08-18-2021;21:51:36;66;1};;
08-18-2021;21:51:46;68;1};;
08-18-2021;21:51:51;73;1};;
08-18-2021;21:51:56;69;3};;
08-18-2021;21:52:01;64;1};;
08-18-2021;21:52:06;65;1};;
08-18-2021;21:52:11;67;1};;
08-18-2021;21:52:16;70;1};;
08-18-2021;21:52:21;68;2};;
08-18-2021;21:52:26;66;1};;
08-18-2021;21:52:31;65;1};;
08-18-2021;21:52:41;68;1};;
08-18-2021;21:52:46;67;1};;
08-18-2021;21:52:51;66;1};;
08-18-2021;21:53:01;69;1};;
08-18-2021;21:53:06;72;1};;
08-18-2021;21:53:11;73;1};;
08-18-2021;21:53:21;72;1};;
08-18-2021;21:53:26;74;1};;
08-18-2021;21:53:36;73;1};;
08-18-2021;21:53:51;72;1};;
08-18-2021;21:53:56;73;1};;
08-18-2021;21:54:01;76;1};;
08-18-2021;21:54:06;75;1};;
08-18-2021;21:54:11;71;1};;
08-18-2021;21:54:16;70;1};;
08-18-2021;21:54:21;71;1};;
08-18-2021;21:54:26;68;1};;
08-18-2021;21:54:31;71;1};;
08-18-2021;21:54:41;73;1};;
08-18-2021;21:54:56;74;1};;
08-18-2021;21:55:01;72;1};;
08-18-2021;21:55:06;72;1};;
08-18-2021;21:55:11;71;1};;
08-18-2021;21:55:16;69;1};;
08-18-2021;21:55:26;71;1};;
08-18-2021;21:55:31;70;1};;
08-18-2021;21:55:36;69;1};;
08-18-2021;21:55:41;67;1};;
08-18-2021;21:55:46;69;1};;
08-18-2021;21:55:51;71;1};;
08-18-2021;21:55:56;73;1};;
08-18-2021;21:56:06;71;1};;
08-18-2021;21:56:16;70;1};;
08-18-2021;21:56:21;67;1};;
08-18-2021;21:56:28;67;0};;
08-18-2021;21:56:33;69;0};;
08-18-2021;21:56:43;69;1};;
08-18-2021;21:56:58;69;1};;
08-18-2021;21:57:03;67;2};;
08-18-2021;21:57:08;67;1};;
08-18-2021;21:57:13;68;1};;
08-18-2021;21:57:18;69;1};;
08-18-2021;21:57:23;68;1};;
08-18-2021;21:57:28;68;3};;
08-18-2021;21:57:33;69;3};;
08-18-2021;21:57:38;69;1};;
08-18-2021;21:57:48;68;1};;
08-18-2021;21:57:58;68;2};;
08-18-2021;21:58:03;68;1};;
08-18-2021;21:58:13;70;1};;
08-18-2021;21:58:18;75;1};;
08-18-2021;21:58:23;74;1};;
08-18-2021;21:58:33;73;1};;
08-18-2021;21:58:38;74;1};;
08-18-2021;21:58:48;77;1};;
08-18-2021;21:58:58;74;1};;
08-18-2021;21:59:03;76;1};;
08-18-2021;21:59:13;77;1};;
08-18-2021;21:59:18;75;1};;
08-18-2021;21:59:23;74;1};;
08-18-2021;21:59:28;72;1};;
08-18-2021;21:59:33;74;1};;
08-18-2021;21:59:48;74;1};;
08-18-2021;21:59:53;75;1};;
08-18-2021;22:00:08;75;1};;
08-18-2021;22:00:13;74;1};;
08-18-2021;22:00:18;73;1};;
08-18-2021;22:00:23;69;1};;
08-18-2021;22:00:28;66;1};;
08-18-2021;22:00:33;70;1};;
08-18-2021;22:00:38;71;1};;
08-18-2021;22:00:43;70;1};;
08-18-2021;22:00:48;67;1};;
08-18-2021;22:00:53;68;1};;
08-18-2021;22:00:58;70;1};;
08-18-2021;22:01:03;71;1};;
08-18-2021;22:01:08;68;1};;
08-18-2021;22:01:13;67;1};;
08-18-2021;22:01:18;70;1};;
08-18-2021;22:01:23;71;1};;
08-18-2021;22:01:28;70;1};;
08-18-2021;22:01:33;68;1};;
08-18-2021;22:01:38;72;1};;
08-18-2021;22:01:43;73;1};;
08-18-2021;22:01:48;74;1};;
08-18-2021;22:01:53;77;1};;
08-18-2021;22:02:03;79;1};;
08-18-2021;22:02:08;83;1};;
08-18-2021;22:02:13;81;1};;
08-18-2021;22:02:18;83;1};;
08-18-2021;22:02:28;82;1};;
08-18-2021;22:02:33;81;1};;
08-18-2021;22:02:38;80;1};;
08-18-2021;22:02:43;73;1};;
08-18-2021;22:02:48;70;1};;
08-18-2021;22:02:53;69;1};;
08-18-2021;22:02:58;68;1};;
08-18-2021;22:03:03;70;1};;
08-18-2021;22:03:18;71;1};;
08-18-2021;22:03:23;72;1};;
08-18-2021;22:03:28;74;1};;
08-18-2021;22:03:33;75;1};;
08-18-2021;22:03:38;74;1};;
08-18-2021;22:03:43;69;1};;
08-18-2021;22:03:53;68;1};;
08-18-2021;22:03:58;69;1};;
08-18-2021;22:04:03;72;1};;
08-18-2021;22:04:08;69;1};;
08-18-2021;22:04:13;68;3};;
08-18-2021;22:04:18;67;2};;
08-18-2021;22:04:33;69;2};;
08-18-2021;22:04:48;70;2};;
08-18-2021;22:04:53;70;1};;
08-18-2021;22:04:58;69;1};;
08-18-2021;22:05:08;70;1};;
08-18-2021;22:05:13;69;1};;
08-18-2021;22:05:23;68;1};;
08-18-2021;22:05:28;66;1};;
08-18-2021;22:05:38;69;1};;
08-18-2021;22:05:43;70;1};;
08-18-2021;22:05:48;71;1};;
08-18-2021;22:05:53;68;1};;
08-18-2021;22:05:58;66;2};;
08-18-2021;22:06:03;67;2};;
08-18-2021;22:06:13;68;2};;
08-18-2021;22:06:18;67;2};;
08-18-2021;22:06:28;66;2};;
08-18-2021;22:06:33;67;2};;
08-18-2021;22:06:38;66;2};;
08-18-2021;22:06:43;67;2};;
08-18-2021;22:06:48;66;1};;
08-18-2021;22:06:58;65;2};;
08-18-2021;22:07:03;64;3};;
08-18-2021;22:07:08;63;2};;
08-18-2021;22:07:18;65;2};;
08-18-2021;22:07:23;66;2};;
08-18-2021;22:07:33;66;1};;
08-18-2021;22:07:48;70;1};;
08-18-2021;22:07:53;69;1};;
08-18-2021;22:07:58;68;1};;
08-18-2021;22:08:03;67;1};;
08-18-2021;22:08:08;69;1};;
08-18-2021;22:08:13;73;1};;
08-18-2021;22:08:18;75;1};;
08-18-2021;22:08:23;73;1};;
08-18-2021;22:08:28;72;1};;
08-18-2021;22:08:33;73;1};;
08-18-2021;22:08:38;72;1};;
08-18-2021;22:08:43;69;1};;
08-18-2021;22:08:48;67;1};;
08-18-2021;22:08:53;70;1};;
08-18-2021;22:08:58;68;1};;
08-18-2021;22:09:03;66;1};;
08-18-2021;22:09:13;67;1};;
08-18-2021;22:09:18;69;1};;
08-18-2021;22:09:28;70;1};;
08-18-2021;22:09:38;67;1};;
08-18-2021;22:09:43;66;1};;
08-18-2021;22:09:48;68;1};;
08-18-2021;22:10:03;65;1};;
08-18-2021;22:10:13;69;1};;
08-18-2021;22:10:18;72;1};;
08-18-2021;22:10:23;71;1};;
08-18-2021;22:10:28;72;1};;
08-18-2021;22:10:38;73;1};;
08-18-2021;22:10:48;74;1};;
08-18-2021;22:10:58;73;1};;
08-18-2021;22:11:03;72;1};;
08-18-2021;22:11:18;72;1};;
08-18-2021;22:11:23;74;1};;
08-18-2021;22:11:33;75;1};;
08-18-2021;22:11:38;74;1};;
08-18-2021;22:11:48;73;1};;
08-18-2021;22:12:03;74;1};;
08-18-2021;22:12:08;76;1};;
08-18-2021;22:12:18;77;1};;
08-18-2021;22:12:23;75;1};;
08-18-2021;22:12:33;74;1};;
08-18-2021;22:12:48;74;1};;
08-18-2021;22:12:53;73;1};;
08-18-2021;22:12:58;72;1};;
08-18-2021;22:13:13;73;1};;
08-18-2021;22:13:18;72;1};;
08-18-2021;22:13:23;74;1};;
08-18-2021;22:13:28;73;1};;
08-18-2021;22:13:43;75;1};;
08-18-2021;22:13:48;74;1};;
08-18-2021;22:13:53;75;1};;
08-18-2021;22:13:58;73;1};;
08-18-2021;22:14:03;74;1};;
08-18-2021;22:14:08;75;1};;
08-18-2021;22:14:13;74;1};;
08-18-2021;22:14:18;73;1};;
08-18-2021;22:14:28;72;1};;
08-18-2021;22:14:33;73;1};;
08-18-2021;22:14:38;71;1};;
08-18-2021;22:14:43;72;1};;
08-18-2021;22:14:48;70;1};;
08-18-2021;22:14:58;68;1};;
08-18-2021;22:15:03;65;1};;
08-18-2021;22:15:08;70;2};;
08-18-2021;22:15:13;70;3};;
08-18-2021;22:15:18;68;1};;
08-18-2021;22:15:23;66;1};;
08-18-2021;22:15:33;65;3};;
08-18-2021;22:15:38;66;3};;
08-18-2021;22:15:43;66;1};;
08-18-2021;22:15:48;65;1};;
08-18-2021;22:15:53;64;1};;
08-18-2021;22:15:58;66;1};;
08-18-2021;22:16:03;69;1};;
08-18-2021;22:16:13;70;1};;
08-18-2021;22:16:18;71;1};;
08-18-2021;22:16:23;72;1};;
08-18-2021;22:16:28;73;1};;
08-18-2021;22:16:38;71;1};;
08-18-2021;22:16:48;72;1};;
08-18-2021;22:16:58;73;2};;
08-18-2021;22:17:03;72;1};;
08-18-2021;22:17:13;73;1};;
08-18-2021;22:17:18;74;1};;
08-18-2021;22:17:28;73;1};;
08-18-2021;22:17:38;70;2};;
08-18-2021;22:17:43;69;2};;
08-18-2021;22:17:48;65;1};;
08-18-2021;22:17:58;67;1};;
08-18-2021;22:18:03;69;2};;
08-18-2021;22:18:08;70;3};;
08-18-2021;22:18:13;66;1};;
08-18-2021;22:18:18;64;2};;
08-18-2021;22:18:28;66;2};;
08-18-2021;22:18:33;67;1};;
08-18-2021;22:18:38;65;2};;
08-18-2021;22:18:48;64;1};;
08-18-2021;22:18:53;62;1};;
08-18-2021;22:18:58;62;2};;
08-18-2021;22:19:03;64;2};;
08-18-2021;22:19:08;65;3};;
08-18-2021;22:19:13;63;3};;
08-18-2021;22:19:18;64;3};;
08-18-2021;22:19:23;65;3};;
08-18-2021;22:19:38;65;3};;
08-18-2021;22:19:43;66;3};;
08-18-2021;22:19:48;68;3};;
08-18-2021;22:19:53;68;1};;
08-18-2021;22:20:03;67;2};;
08-18-2021;22:20:08;66;1};;
08-18-2021;22:20:13;66;2};;
08-18-2021;22:20:18;67;1};;
08-18-2021;22:20:33;68;1};;
08-18-2021;22:20:38;71;1};;
08-18-2021;22:20:48;68;1};;
08-18-2021;22:20:58;70;1};;
08-18-2021;22:21:03;73;1};;
08-18-2021;22:21:08;68;1};;
08-18-2021;22:21:13;67;1};;
08-18-2021;22:21:28;67;1};;
08-18-2021;22:21:38;70;1};;
08-18-2021;22:21:43;74;1};;
08-18-2021;22:21:48;77;1};;
08-18-2021;22:21:53;75;1};;
08-18-2021;22:21:58;76;1};;
08-18-2021;22:22:03;80;1};;
08-18-2021;22:22:08;76;1};;
08-18-2021;22:22:13;72;1};;
08-18-2021;22:22:18;69;1};;
08-18-2021;22:22:23;67;1};;
08-18-2021;22:22:33;69;1};;
08-18-2021;22:22:38;74;1};;
08-18-2021;22:22:43;72;1};;
08-18-2021;22:22:48;69;1};;
08-18-2021;22:22:58;75;1};;
08-18-2021;22:23:03;78;1};;
08-18-2021;22:23:08;79;1};;
08-18-2021;22:23:13;78;1};;
08-18-2021;22:23:18;77;1};;
08-18-2021;22:23:23;75;1};;
08-18-2021;22:23:28;76;1};;
08-18-2021;22:23:33;75;1};;
08-18-2021;22:23:38;73;1};;
08-18-2021;22:23:48;71;1};;
08-18-2021;22:23:53;69;1};;
08-18-2021;22:23:58;68;1};;
08-18-2021;22:24:03;74;1};;
08-18-2021;22:24:08;80;1};;
08-18-2021;22:24:13;78;1};;
08-18-2021;22:24:28;77;1};;
08-18-2021;22:24:33;79;1};;
08-18-2021;22:24:38;77;1};;
08-18-2021;22:24:43;75;1};;
08-18-2021;22:24:48;74;1};;
08-18-2021;22:24:53;73;1};;
08-18-2021;22:24:58;70;1};;
08-18-2021;22:25:03;68;1};;
08-18-2021;22:25:08;67;1};;
08-18-2021;22:25:13;70;1};;
08-18-2021;22:25:18;72;1};;
08-18-2021;22:25:23;70;1};;
08-18-2021;22:25:28;67;1};;
08-18-2021;22:25:33;69;1};;
08-18-2021;22:25:38;73;1};;
08-18-2021;22:25:43;74;1};;
08-18-2021;22:25:48;75;1};;
08-18-2021;22:25:53;74;1};;
08-18-2021;22:25:58;75;1};;
08-18-2021;22:26:13;73;1};;
08-18-2021;22:26:18;71;1};;
08-18-2021;22:26:23;69;1};;
08-18-2021;22:26:28;66;1};;
08-18-2021;22:26:33;68;1};;
08-18-2021;22:26:38;70;1};;
08-18-2021;22:26:43;69;1};;
08-18-2021;22:26:48;68;1};;
08-18-2021;22:26:53;65;1};;
08-18-2021;22:26:58;64;1};;
08-18-2021;22:27:08;65;1};;
08-18-2021;22:27:13;64;2};;
08-18-2021;22:27:18;64;1};;
08-18-2021;22:27:23;63;1};;
08-18-2021;22:27:38;64;2};;
08-18-2021;22:27:43;66;2};;
08-18-2021;22:27:48;65;2};;
08-18-2021;22:27:53;65;1};;
08-18-2021;22:27:58;66;1};;
08-18-2021;22:28:03;68;2};;
08-18-2021;22:28:08;71;2};;
08-18-2021;22:28:13;70;1};;
08-18-2021;22:28:18;68;1};;
08-18-2021;22:28:28;71;1};;
08-18-2021;22:28:33;74;1};;
08-18-2021;22:28:38;73;1};;
08-18-2021;22:28:43;70;1};;
08-18-2021;22:28:48;68;1};;
08-18-2021;22:28:53;70;2};;
08-18-2021;22:28:58;72;2};;
08-18-2021;22:29:03;71;1};;
08-18-2021;22:29:08;69;1};;
08-18-2021;22:29:18;69;3};;
08-18-2021;22:29:23;71;1};;
08-18-2021;22:29:28;71;3};;
08-18-2021;22:29:33;71;2};;
08-18-2021;22:29:38;71;3};;
08-18-2021;22:29:43;71;2};;
08-18-2021;22:29:48;72;2};;
08-18-2021;22:29:53;68;3};;
08-18-2021;22:29:58;68;1};;
08-18-2021;22:30:03;69;1};;
08-18-2021;22:30:08;70;1};;
08-18-2021;22:30:13;73;1};;
08-18-2021;22:30:23;74;2};;
08-18-2021;22:30:28;73;2};;
08-18-2021;22:30:33;70;2};;
08-18-2021;22:30:38;67;3};;
08-18-2021;22:30:43;67;1};;
08-18-2021;22:30:48;68;1};;
08-18-2021;22:30:53;69;1};;
08-18-2021;22:30:58;71;1};;
08-18-2021;22:31:08;74;1};;
08-18-2021;22:31:13;75;1};;
08-18-2021;22:31:18;78;1};;
08-18-2021;22:31:23;77;2};;
08-18-2021;22:31:28;74;1};;
08-18-2021;22:31:33;73;1};;
08-18-2021;22:31:43;76;2};;
08-18-2021;22:31:53;72;2};;
08-18-2021;22:31:58;67;1};;
08-18-2021;22:32:03;70;1};;
08-18-2021;22:32:08;72;1};;
08-18-2021;22:32:13;71;2};;
08-18-2021;22:32:18;68;1};;
08-18-2021;22:32:23;69;1};;
08-18-2021;22:32:33;68;1};;
08-18-2021;22:32:38;67;1};;
08-18-2021;22:32:53;69;1};;
08-18-2021;22:32:58;68;1};;
08-18-2021;22:33:03;67;1};;
08-18-2021;22:33:08;68;1};;
08-18-2021;22:33:13;71;1};;
08-18-2021;22:33:23;70;1};;
08-18-2021;22:33:28;69;1};;
08-18-2021;22:33:33;68;1};;
08-18-2021;22:33:38;67;1};;
08-18-2021;22:33:43;68;1};;
08-18-2021;22:33:58;68;1};;
08-18-2021;22:34:08;70;1};;
08-18-2021;22:34:13;69;1};;
08-18-2021;22:34:18;67;1};;
08-18-2021;22:34:23;66;1};;
08-18-2021;22:34:38;67;1};;
08-18-2021;22:34:43;68;1};;
08-18-2021;22:34:48;69;1};;
08-18-2021;22:34:53;74;1};;
08-18-2021;22:34:58;79;1};;
08-18-2021;22:35:03;75;1};;
08-18-2021;22:35:08;68;1};;
08-18-2021;22:35:13;67;1};;
08-18-2021;22:35:18;66;1};;
08-18-2021;22:35:23;67;1};;
08-18-2021;22:35:28;69;1};;
08-18-2021;22:35:33;68;1};;
08-18-2021;22:35:43;66;1};;
08-18-2021;22:35:48;68;1};;
08-18-2021;22:35:53;70;1};;
08-18-2021;22:35:58;69;1};;
08-18-2021;22:36:03;67;1};;
08-18-2021;22:36:08;64;2};;
08-18-2021;22:36:13;65;2};;
08-18-2021;22:36:18;67;1};;
08-18-2021;22:36:28;68;1};;
08-18-2021;22:36:33;65;1};;
08-18-2021;22:36:38;83;1};;
08-18-2021;22:36:43;71;1};;
08-18-2021;22:36:48;74;1};;
08-18-2021;22:36:53;64;1};;
08-18-2021;22:36:58;70;1};;
08-18-2021;22:37:08;77;1};;
08-18-2021;22:37:13;72;1};;
08-18-2021;22:37:23;73;1};;
08-18-2021;22:37:28;77;1};;
08-18-2021;22:37:33;75;1};;
08-18-2021;22:37:38;79;1};;
08-18-2021;22:37:43;78;1};;
08-18-2021;22:37:48;76;1};;
08-18-2021;22:37:53;75;1};;
08-18-2021;22:37:58;76;1};;
08-18-2021;22:38:03;78;1};;
08-18-2021;22:38:08;77;1};;
08-18-2021;22:38:13;76;1};;
08-18-2021;22:38:18;77;1};;
08-18-2021;22:38:23;75;1};;
08-18-2021;22:38:28;81;1};;
08-18-2021;22:38:33;77;1};;
08-18-2021;22:38:38;81;1};;
08-18-2021;22:38:43;71;1};;
08-18-2021;22:38:48;74;1};;
08-18-2021;22:38:53;69;1};;
08-18-2021;22:38:58;75;1};;
08-18-2021;22:39:03;69;1};;
08-18-2021;22:39:08;68;1};;
08-18-2021;22:39:13;67;1};;
08-18-2021;22:39:18;66;1};;
08-18-2021;22:39:23;69;1};;
08-18-2021;22:39:28;73;1};;
08-18-2021;22:39:33;74;1};;
08-18-2021;22:39:43;75;1};;
08-18-2021;22:39:48;77;1};;
08-18-2021;22:39:53;82;1};;
08-18-2021;22:39:58;84;1};;
08-18-2021;22:40:03;86;1};;
08-18-2021;22:40:08;83;1};;
08-18-2021;22:40:13;81;1};;
08-18-2021;22:40:18;76;1};;
08-18-2021;22:40:23;74;1};;
08-18-2021;22:40:38;74;1};;
08-18-2021;22:40:43;73;1};;
08-18-2021;22:40:48;74;1};;
08-18-2021;22:40:58;73;1};;
08-18-2021;22:41:03;72;1};;
08-18-2021;22:41:08;71;1};;
08-18-2021;22:41:13;69;1};;
08-18-2021;22:41:18;71;1};;
08-18-2021;22:41:23;71;1};;
08-18-2021;22:41:33;70;1};;
08-18-2021;22:41:38;71;1};;
08-18-2021;22:41:43;70;1};;
08-18-2021;22:41:48;71;1};;
08-18-2021;22:41:53;72;2};;
08-18-2021;22:41:58;70;1};;
08-18-2021;22:42:08;73;1};;
08-18-2021;22:42:13;75;1};;
08-18-2021;22:42:23;74;1};;
08-18-2021;22:42:38;73;1};;
08-18-2021;22:42:43;72;1};;
08-18-2021;22:42:48;74;1};;
08-18-2021;22:42:53;76;1};;
08-18-2021;22:42:58;79;1};;
08-18-2021;22:43:03;82;1};;
08-18-2021;22:43:13;83;1};;
08-18-2021;22:43:18;81;1};;
08-18-2021;22:43:23;82;1};;
08-18-2021;22:43:28;80;1};;
08-18-2021;22:43:33;79;1};;
08-18-2021;22:43:38;78;1};;
08-18-2021;22:43:43;79;1};;
08-18-2021;22:43:48;78;1};;
08-18-2021;22:43:58;82;1};;
08-18-2021;22:44:03;79;1};;
08-18-2021;22:44:08;82;1};;
08-18-2021;22:44:13;80;1};;
08-18-2021;22:44:23;79;1};;
08-18-2021;22:44:28;76;1};;
08-18-2021;22:44:33;72;1};;
08-18-2021;22:44:43;71;1};;
08-18-2021;22:44:48;72;1};;
08-18-2021;22:44:53;74;1};;
08-18-2021;22:44:58;77;1};;
08-18-2021;22:45:03;78;1};;
08-18-2021;22:45:13;80;1};;
08-18-2021;22:45:18;78;1};;
08-18-2021;22:45:23;79;1};;
08-18-2021;22:45:33;77;1};;
08-18-2021;22:45:38;78;1};;
08-18-2021;22:45:43;77;1};;
08-18-2021;22:45:48;80;1};;
08-18-2021;22:45:53;83;1};;
08-18-2021;22:45:58;86;1};;
08-18-2021;22:46:08;88;1};;
08-18-2021;22:46:18;86;1};;
08-18-2021;22:46:23;82;1};;
08-18-2021;22:46:28;84;1};;
08-18-2021;22:46:33;82;1};;
08-18-2021;22:46:38;85;1};;
08-18-2021;22:46:48;88;1};;
08-18-2021;22:46:53;87;1};;
08-18-2021;22:47:03;84;1};;
08-18-2021;22:47:08;85;1};;
08-18-2021;22:47:13;87;1};;
08-18-2021;22:47:18;86;1};;
08-18-2021;22:47:23;85;1};;
08-18-2021;22:47:28;86;1};;
08-18-2021;22:47:33;84;1};;
08-18-2021;22:47:38;88;1};;
08-18-2021;22:47:43;84;1};;
08-18-2021;22:47:48;86;1};;
08-18-2021;22:47:53;84;1};;
08-18-2021;22:48:08;85;1};;
08-18-2021;22:48:13;86;1};;
08-18-2021;22:48:18;87;1};;
08-18-2021;22:48:23;86;1};;
08-18-2021;22:48:28;87;1};;
08-18-2021;22:48:33;86;1};;
08-18-2021;22:48:43;85;1};;
08-18-2021;22:48:48;84;1};;
08-18-2021;22:48:53;85;1};;
08-18-2021;22:48:58;82;1};;
08-18-2021;22:49:13;81;1};;
08-18-2021;22:49:23;79;1};;
08-18-2021;22:49:38;78;1};;
08-18-2021;22:49:43;79;1};;
08-18-2021;22:49:48;81;1};;
08-18-2021;22:49:53;82;1};;
08-18-2021;22:49:58;83;1};;
08-18-2021;22:50:03;81;1};;
08-18-2021;22:50:08;77;1};;
08-18-2021;22:50:13;76;1};;
08-18-2021;22:50:18;75;1};;
08-18-2021;22:50:23;74;1};;
08-18-2021;22:50:28;73;1};;
08-18-2021;22:50:33;71;1};;
08-18-2021;22:50:48;71;1};;
08-18-2021;22:50:53;70;1};;
08-18-2021;22:51:03;73;1};;
08-18-2021;22:51:08;75;1};;
08-18-2021;22:51:13;76;1};;
08-18-2021;22:51:18;72;1};;
08-18-2021;22:51:28;73;1};;
08-18-2021;22:51:33;77;1};;
08-18-2021;22:51:43;76;1};;
08-18-2021;22:51:48;75;1};;
08-18-2021;22:51:53;76;1};;
08-18-2021;22:51:58;81;1};;
08-18-2021;22:52:03;83;1};;
08-18-2021;22:52:08;82;1};;
08-18-2021;22:52:13;79;1};;
08-18-2021;22:52:18;77;1};;
08-18-2021;22:52:23;74;1};;
08-18-2021;22:52:33;73;1};;
08-18-2021;22:52:38;71;1};;
08-18-2021;22:52:43;74;1};;
08-18-2021;22:52:48;74;1};;
08-18-2021;22:52:53;72;1};;
08-18-2021;22:53:03;73;1};;
08-18-2021;22:53:08;75;1};;
08-18-2021;22:53:13;76;1};;
08-18-2021;22:53:18;79;1};;
08-18-2021;22:53:23;81;1};;
08-18-2021;22:53:28;79;1};;
08-18-2021;22:53:38;76;1};;
08-18-2021;22:53:48;73;1};;
08-18-2021;22:53:53;74;1};;
08-18-2021;22:54:08;73;1};;
08-18-2021;22:54:13;72;1};;
08-18-2021;22:54:18;70;1};;
08-18-2021;22:54:28;71;1};;
08-18-2021;22:54:33;73;1};;
08-18-2021;22:54:38;75;1};;
08-18-2021;22:54:43;76;1};;
08-18-2021;22:54:48;77;1};;
08-18-2021;22:54:53;76;1};;
08-18-2021;22:54:58;77;1};;
08-18-2021;22:55:03;76;1};;
08-18-2021;22:55:08;75;1};;
08-18-2021;22:55:13;76;1};;
08-18-2021;22:55:23;77;1};;
08-18-2021;22:55:38;77;1};;
08-18-2021;22:55:43;76;1};;
08-18-2021;22:55:48;75;1};;
08-18-2021;22:56:03;75;1};;
08-18-2021;22:56:08;76;1};;
08-18-2021;22:56:13;74;1};;
08-18-2021;22:56:18;73;1};;
08-18-2021;22:56:23;72;1};;
08-18-2021;22:56:28;73;1};;
08-18-2021;22:56:33;72;1};;
08-18-2021;22:56:38;74;1};;
08-18-2021;22:56:43;76;1};;
08-18-2021;22:56:53;77;1};;
08-18-2021;22:57:03;78;1};;
08-18-2021;22:57:08;79;1};;
08-18-2021;22:57:18;78;1};;
08-18-2021;22:57:23;76;1};;
08-18-2021;22:57:33;72;1};;
08-18-2021;22:57:38;71;1};;
08-18-2021;22:57:43;73;1};;
08-18-2021;22:57:48;76;1};;
08-18-2021;22:57:53;75;1};;
08-18-2021;22:57:58;74;1};;
08-18-2021;22:58:03;73;1};;
08-18-2021;22:58:13;74;1};;
08-18-2021;22:58:18;77;1};;
08-18-2021;22:58:28;79;1};;
08-18-2021;22:58:33;80;1};;
08-18-2021;22:58:38;81;1};;
08-18-2021;22:58:43;83;1};;
08-18-2021;22:58:48;82;1};;
08-18-2021;22:58:53;81;1};;
08-18-2021;22:58:58;79;1};;
08-18-2021;22:59:03;80;1};;
08-18-2021;22:59:13;76;1};;
08-18-2021;22:59:18;78;1};;
08-18-2021;22:59:23;77;1};;
08-18-2021;22:59:28;80;1};;
08-18-2021;22:59:33;82;1};;
08-18-2021;22:59:38;84;1};;
08-18-2021;22:59:53;84;1};;
